requested_snapshot_et,requested_snapshot_timezone,requested_snapshot_utc,observed_at_utc,observation_lag_seconds,event_id,event_slug,event_title,market_id,condition_id,market_slug,market_question,outcome,token_id,data_status,price,market_open_time,market_close_time
2026-09-26 06:00,EDT,2026-09-26T10:00:00Z,2026-09-26T09:59:14Z,46,630058,nba-2026-27-rookie-of-the-year-20260624161716143,NBA: 2026-27 Rookie of the Year,2668796,0x577f5c547a480e05f14cd3a899b68bf6ad8b639de9b72fb6db8d2ef697f6fc63,will-aj-dybantsa-win-the-2026-27-nba-rookie-of-the-year-20260624161716880,Will AJ Dybantsa win the 2026-27 NBA Rookie of the Year?,AJ Dybantsa,46567293169762615147895646425485617554441306631537089020538395786901322917919,ok,0.2,2026-06-24T16:29:39.613739Z,2027-05-01T03:59:00Z
2026-09-26 06:00,EDT,2026-09-26T10:00:00Z,2026-09-26T09:59:17Z,43,630058,nba-2026-27-rookie-of-the-year-20260624161716143,NBA: 2026-27 Rookie of the Year,2668807,0x89937b6331f68463a28f5e1ac9d3538c41ec3eb8debebe3c3ee1a49e7b206e0c,will-aday-mara-win-the-2026-27-nba-rookie-of-the-year-20260624161716891,Will Aday Mara win the 2026-27 NBA Rookie of the Year?,Aday Mara,23177461082073227114656959450371623833840442231102917002015389397838770025854,ok,0.009,2026-06-24T16:30:44.714047Z,2027-05-01T03:59:00Z
2026-09-26 06:00,EDT,2026-09-26T10:00:00Z,2026-09-26T09:59:17Z,43,630058,nba-2026-27-rookie-of-the-year-20260624161716143,NBA: 2026-27 Rookie of the Year,2668824,0xf3922acce23097ab04efc0b3272d5fe80c145afd4e792f7c21d40d3da5d99af3,will-alex-karaban-win-the-2026-27-nba-rookie-of-the-year-20260624161716908,Will Alex Karaban win the 2026-27 NBA Rookie of the Year?,Alex Karaban,7146265645428211980471679659558826987700968703053357198983774171358181578537,ok,0.002,2026-06-24T16:34:46.806165Z,2027-05-01T03:59:00Z
2026-09-26 06:00,EDT,2026-09-26T10:00:00Z,2026-09-26T09:59:14Z,46,630058,nba-2026-27-rookie-of-the-year-20260624161716143,NBA: 2026-27 Rookie of the Year,2668814,0x12b458b10c4eb70396415f93797aec289828b3ac428ddb42796780db76a28b49,will-allen-graves-win-the-2026-27-nba-rookie-of-the-year-20260624161716898,Will Allen Graves win the 2026-27 NBA Rookie of the Year?,Allen Graves,72733510884947105865994346540725185095474156509344958989426953204817404023515,ok,0.0145,2026-06-24T16:31:07.322278Z,2027-05-01T03:59:00Z
2026-09-26 06:00,EDT,2026-09-26T10:00:00Z,2026-09-26T09:59:15Z,45,630058,nba-2026-27-rookie-of-the-year-20260624161716143,NBA: 2026-27 Rookie of the Year,2668811,0xf25729a6ee8f2425b2855a1185d100d3772fda0765dc939db2d005bee71135db,will-bennett-stirtz-win-the-2026-27-nba-rookie-of-the-year-20260624161716895,Will Bennett Stirtz win the 2026-27 NBA Rookie of the Year?,Bennett Stirtz,28016335769740990614735390452488506419374929583065012845548440304609688618264,ok,0.003,2026-06-24T16:30:54.857985Z,2027-05-01T03:59:00Z
2026-09-26 06:00,EDT,2026-09-26T10:00:00Z,2026-09-26T09:59:15Z,45,630058,nba-2026-27-rookie-of-the-year-20260624161716143,NBA: 2026-27 Rookie of the Year,2668805,0xa96808b15eb96d393dfc5893e927648557ba63e680d804e833faa0f91db2c1f1,will-brayden-burries-win-the-2026-27-nba-rookie-of-the-year-20260624161716889,Will Brayden Burries win the 2026-27 NBA Rookie of the Year?,Brayden Burries,39631180178210085910431645432384474172849156592068440043142910731406442026182,ok,0.006,2026-06-24T16:30:25.584921Z,2027-05-01T03:59:00Z
2026-09-26 06:00,EDT,2026-09-26T10:00:00Z,2026-09-26T09:59:15Z,45,630058,nba-2026-27-rookie-of-the-year-20260624161716143,NBA: 2026-27 Rookie of the Year,2668799,0xb00fb98fbd7fcff8cebced51ecedd86ac3a9d0f2f53708a0cb1861b60d40efa9,will-caleb-wilson-win-the-2026-27-nba-rookie-of-the-year-20260624161716883,Will Caleb Wilson win the 2026-27 NBA Rookie of the Year?,Caleb Wilson,28699522358909543703830156357528065276189496270779624303319533983849019651020,ok,0.235,2026-06-24T16:29:55.629086Z,2027-05-01T03:59:00Z
2026-09-26 06:00,EDT,2026-09-26T10:00:00Z,2026-09-26T09:59:16Z,44,630058,nba-2026-27-rookie-of-the-year-20260624161716143,NBA: 2026-27 Rookie of the Year,2668798,0x8726f3d4f40b73ec36c0a2c35a5715eb863e705cd8327b99894a84de95fccf3d,will-cameron-boozer-win-the-2026-27-nba-rookie-of-the-year-20260624161716882,Will Cameron Boozer win the 2026-27 NBA Rookie of the Year?,Cameron Boozer,67718828845920386088756585343739136462737819134101447980208518213153186435007,ok,0.225,2026-06-24T16:29:45.68371Z,2027-05-01T03:59:00Z
2026-09-26 06:00,EDT,2026-09-26T10:00:00Z,2026-09-26T09:59:17Z,43,630058,nba-2026-27-rookie-of-the-year-20260624161716143,NBA: 2026-27 Rookie of the Year,2668819,0x82be7aeb87ed80e4a80de1ad547f240115c6aa0c0995d1640e5fd41937dd8a85,will-cameron-carr-win-the-2026-27-nba-rookie-of-the-year-20260624161716903,Will Cameron Carr win the 2026-27 NBA Rookie of the Year?,Cameron Carr,104849518976177734517833979164767035039840779676093806303855181965198590317439,ok,0.0015,2026-06-24T16:31:20.358069Z,2027-05-01T03:59:00Z
2026-09-26 06:00,EDT,2026-09-26T10:00:00Z,2026-09-26T09:59:15Z,45,630058,nba-2026-27-rookie-of-the-year-20260624161716143,NBA: 2026-27 Rookie of the Year,2668822,0x898091197840da7ffe014ab213dab0c70e0f2b5c2e894e3bafda706ece0b561f,will-chris-cenac-jrpt-win-the-2026-27-nba-rookie-of-the-year-20260624161716906,Will Chris Cenac Jr. win the 2026-27 NBA Rookie of the Year?,Chris Cenac Jr.,37787893545847628181038477186739981786880234648340474564417718498832966439371,ok,0.0035,2026-06-24T16:31:34.30394Z,2027-05-01T03:59:00Z
2026-09-26 06:00,EDT,2026-09-26T10:00:00Z,2026-09-26T09:59:15Z,45,630058,nba-2026-27-rookie-of-the-year-20260624161716143,NBA: 2026-27 Rookie of the Year,2668813,0x2f5ff8fa8ad8d259c9558c629ea4e6039b6ee2088a4479cbe519a21f9fe1d70f,will-christian-anderson-win-the-2026-27-nba-rookie-of-the-year-20260624161716897,Will Christian Anderson win the 2026-27 NBA Rookie of the Year?,Christian Anderson,9488689645123491597448929024657218012236924739212490384737307265754490151630,ok,0.0015,2026-06-24T16:30:59.17173Z,2027-05-01T03:59:00Z
2026-09-26 06:00,EDT,2026-09-26T10:00:00Z,2026-09-26T09:59:15Z,45,630058,nba-2026-27-rookie-of-the-year-20260624161716143,NBA: 2026-27 Rookie of the Year,2668810,0xc5f0bbcadcef95f4ee12ac192cb974c78f701658975fa6ef9cc23e10990a5543,will-dailyn-swain-win-the-2026-27-nba-rookie-of-the-year-20260624161716894,Will Dailyn Swain win the 2026-27 NBA Rookie of the Year?,Dailyn Swain,106492256192814204394530929963998432262235189137555296577535848632724034084066,ok,0.0015,2026-06-24T16:30:52.837254Z,2027-05-01T03:59:00Z
2026-09-26 06:00,EDT,2026-09-26T10:00:00Z,2026-09-26T09:59:17Z,43,630058,nba-2026-27-rookie-of-the-year-20260624161716143,NBA: 2026-27 Rookie of the Year,2668802,0x9fdd044a58c60de1adfc85582c31852b3f34ba680270f0967fde73daf97c92eb,will-darius-acuff-jrpt-win-the-2026-27-nba-rookie-of-the-year-20260624161716886,Will Darius Acuff Jr. win the 2026-27 NBA Rookie of the Year?,Darius Acuff Jr.,112701874696106231959137275505703442097301509199703702432127541034893438217794,ok,0.045,2026-06-24T16:30:16.831898Z,2027-05-01T03:59:00Z
2026-09-26 06:00,EDT,2026-09-26T10:00:00Z,2026-09-26T09:59:15Z,45,630058,nba-2026-27-rookie-of-the-year-20260624161716143,NBA: 2026-27 Rookie of the Year,2668797,0xd7d3140cece750b5096b19bc1356c42fedc968947ab374d978a22c76b9954703,will-darryn-peterson-win-the-2026-27-nba-rookie-of-the-year-20260624161716881,Will Darryn Peterson win the 2026-27 NBA Rookie of the Year?,Darryn Peterson,56331397442298013031637751743917063488782287296146609687478597202083892654134,ok,0.165,2026-06-24T16:29:44.653465Z,2027-05-01T03:59:00Z
2026-09-26 06:00,EDT,2026-09-26T10:00:00Z,2026-09-26T09:59:17Z,43,630058,nba-2026-27-rookie-of-the-year-20260624161716143,NBA: 2026-27 Rookie of the Year,2668812,0xaf326839915c5f7e8f0f3705b0f88a971fd701cfea331c1854ff0ecd3a8ddf6c,will-ebuka-okorie-win-the-2026-27-nba-rookie-of-the-year-20260624161716896,Will Ebuka Okorie win the 2026-27 NBA Rookie of the Year?,Ebuka Okorie,112350604972855412277243693070668866195702674842421117925291900441402768382879,ok,0.01,2026-06-24T16:30:57.096045Z,2027-05-01T03:59:00Z
2026-09-26 06:00,EDT,2026-09-26T10:00:00Z,2026-09-26T09:59:15Z,45,630058,nba-2026-27-rookie-of-the-year-20260624161716143,NBA: 2026-27 Rookie of the Year,2668809,0x0a0088d5b0610f9f0b309cf1e9e952e19cde113f1bc230d041d15f19fd050fc1,will-hannes-steinbach-win-the-2026-27-nba-rookie-of-the-year-20260624161716893,Will Hannes Steinbach win the 2026-27 NBA Rookie of the Year?,Hannes Steinbach,58816526374874973916339038275388063347133208968989482675151952483872404105053,ok,0.0015,2026-06-24T16:30:47.801702Z,2027-05-01T03:59:00Z
2026-09-26 06:00,EDT,2026-09-26T10:00:00Z,2026-09-26T09:59:16Z,44,630058,nba-2026-27-rookie-of-the-year-20260624161716143,NBA: 2026-27 Rookie of the Year,2668815,0x1b0832372eea0d0b3375cce0aa59676a6b45899448bbe982ed1bed7bc3a6df6e,will-jayden-quaintance-win-the-2026-27-nba-rookie-of-the-year-20260624161716899,Will Jayden Quaintance win the 2026-27 NBA Rookie of the Year?,Jayden Quaintance,44704070527969818950535465922630815872344097108224737773787488142687788886530,ok,0.0015,2026-06-24T16:31:09.380305Z,2027-05-01T03:59:00Z
2026-09-26 06:00,EDT,2026-09-26T10:00:00Z,2026-09-26T09:59:16Z,44,630058,nba-2026-27-rookie-of-the-year-20260624161716143,NBA: 2026-27 Rookie of the Year,2668823,0x0af91b2e73318ef9a561f1f8c9a5939cccdff1dd9005cbd4eb5858b556451160,will-joshua-jefferson-win-the-2026-27-nba-rookie-of-the-year-20260624161716907,Will Joshua Jefferson win the 2026-27 NBA Rookie of the Year?,Joshua Jefferson,33250001007979895587397601287173249694510718724534221248694767354657205239876,ok,0.0015,2026-06-24T16:31:46.256476Z,2027-05-01T03:59:00Z
2026-09-26 06:00,EDT,2026-09-26T10:00:00Z,2026-09-26T09:59:14Z,46,630058,nba-2026-27-rookie-of-the-year-20260624161716143,NBA: 2026-27 Rookie of the Year,2668816,0x7875dd7c1fc7f7b8d0ebe32d8b2317d65bfa6334630e4e28a86e5e906d435c99,will-karim-lopez-win-the-2026-27-nba-rookie-of-the-year-20260624161716900,Will Karim López win the 2026-27 NBA Rookie of the Year?,Karim López,51691569067832233820370267502608592327057590306570684007014072411252308922162,ok,0.0015,2026-06-24T16:31:10.403901Z,2027-05-01T03:59:00Z
2026-09-26 06:00,EDT,2026-09-26T10:00:00Z,2026-09-26T09:59:18Z,42,630058,nba-2026-27-rookie-of-the-year-20260624161716143,NBA: 2026-27 Rookie of the Year,2668800,0x3c840f0ef68a280a901e91768a5ce3f0f50cf2fbef242328545ff6dc916dda74,will-keaton-wagler-win-the-2026-27-nba-rookie-of-the-year-20260624161716884,Will Keaton Wagler win the 2026-27 NBA Rookie of the Year?,Keaton Wagler,92334151625548753108042459866311438541211226559756815160336810951351442266918,ok,0.0095,2026-06-24T16:29:56.638279Z,2027-05-01T03:59:00Z
2026-09-26 06:00,EDT,2026-09-26T10:00:00Z,2026-09-26T09:59:18Z,42,630058,nba-2026-27-rookie-of-the-year-20260624161716143,NBA: 2026-27 Rookie of the Year,2668803,0xe2106716283a4e3ee74a8075fabfb1fa3910705aa483c0c88cea30501135dd2f,will-kingston-flemings-win-the-2026-27-nba-rookie-of-the-year-20260624161716887,Will Kingston Flemings win the 2026-27 NBA Rookie of the Year?,Kingston Flemings,59248410722217297137672634840795935932263305270612987641298127381039952677841,ok,0.0035,2026-06-24T16:30:18.916507Z,2027-05-01T03:59:00Z
2026-09-26 06:00,EDT,2026-09-26T10:00:00Z,2026-09-26T09:59:18Z,42,630058,nba-2026-27-rookie-of-the-year-20260624161716143,NBA: 2026-27 Rookie of the Year,2668825,0x1afd3a2729590954e6b8f1fe673b26def16a68c223fdbd471fc6cfa798aa616c,will-koa-peat-win-the-2026-27-nba-rookie-of-the-year-20260624161716909,Will Koa Peat win the 2026-27 NBA Rookie of the Year?,Koa Peat,78345144234625083872100578639468842510449809712708406360307805742890467364481,ok,0.0015,2026-06-24T16:32:51.707178Z,2027-05-01T03:59:00Z
2026-09-26 06:00,EDT,2026-09-26T10:00:00Z,2026-09-26T09:59:16Z,44,630058,nba-2026-27-rookie-of-the-year-20260624161716143,NBA: 2026-27 Rookie of the Year,2668817,0xc28906f77cd7cff744639669b4a50c35f89da9959c187347e692fd25f518bfa8,will-labaron-philon-jrpt-win-the-2026-27-nba-rookie-of-the-year-20260624161716901,Will Labaron Philon Jr. win the 2026-27 NBA Rookie of the Year?,Labaron Philon Jr.,19808501759908004837585518354242074030293697203915366182581892978156112749150,ok,0.0175,2026-06-24T16:31:12.175528Z,2027-05-01T03:59:00Z
2026-09-26 06:00,EDT,2026-09-26T10:00:00Z,2026-09-26T09:59:17Z,43,630058,nba-2026-27-rookie-of-the-year-20260624161716143,NBA: 2026-27 Rookie of the Year,2668801,0xaf93700506149c5a20df7f6cffc3e843872a1549fdba3b785330b013c7d06091,will-mikel-brown-jrpt-win-the-2026-27-nba-rookie-of-the-year-20260624161716885,Will Mikel Brown Jr. win the 2026-27 NBA Rookie of the Year?,Mikel Brown Jr.,10820865769373320020875790150457903334529765750219893707517352399579079388756,ok,0.018,2026-06-24T16:30:06.77787Z,2027-05-01T03:59:00Z
2026-09-26 06:00,EDT,2026-09-26T10:00:00Z,2026-09-26T09:59:17Z,43,630058,nba-2026-27-rookie-of-the-year-20260624161716143,NBA: 2026-27 Rookie of the Year,2668804,0x48674f295cfb13e7df5184169fbb555e61c8512c4b652d2e98b19cb2380ee2d1,will-morez-johnson-jrpt-win-the-2026-27-nba-rookie-of-the-year-20260624161716888,Will Morez Johnson Jr. win the 2026-27 NBA Rookie of the Year?,Morez Johnson Jr.,21979016715889772128218879457867550312915462858573064470189177796868136101360,ok,0.0025,2026-06-24T16:30:23.790317Z,2027-05-01T03:59:00Z
2026-09-26 06:00,EDT,2026-09-26T10:00:00Z,2026-09-26T09:59:18Z,42,630058,nba-2026-27-rookie-of-the-year-20260624161716143,NBA: 2026-27 Rookie of the Year,2668808,0xc8a6699093930499ddd71a2605fdfe60375349f54b4c73bda62763acbf6b915e,will-nate-ament-win-the-2026-27-nba-rookie-of-the-year-20260624161716892,Will Nate Ament win the 2026-27 NBA Rookie of the Year?,Nate Ament,106322706103156900780076701451476025754551282380653139773766783892747788283507,ok,0.003,2026-06-24T16:30:45.778099Z,2027-05-01T03:59:00Z
2026-09-26 06:00,EDT,2026-09-26T10:00:00Z,,,630058,nba-2026-27-rookie-of-the-year-20260624161716143,NBA: 2026-27 Rookie of the Year,2668890,0x77d0ed7b33d178d56c807f01b8a859b6fe44f2feeed50b482fb0d6998efc502c,will-another-player-win-the-2026-27-nba-rookie-of-the-year-20260624161716960,Will another player win the 2026-27 NBA Rookie of the Year?,Other,81532643127738260538138470162741496702708754144974927953756360497725069201752,no_history,,2026-06-24T16:33:18.836855Z,2027-05-31T23:59:00Z
2026-09-26 06:00,EDT,2026-09-26T10:00:00Z,,,630058,nba-2026-27-rookie-of-the-year-20260624161716143,NBA: 2026-27 Rookie of the Year,2668826,0xe1d243a1ea8fdbb6a9284083fdb65b30c95950e047fd60decfef227d96994ec4,will-player-a-win-the-2026-27-nba-rookie-of-the-year-20260624161716910,Will Player A win the 2026-27 NBA Rookie of the Year?,Player A,19107023260948188309497410862461842073753584338315352653353494393719584260771,no_history,,2026-06-24T16:38:40.378645Z,2027-05-31T23:59:00Z
2026-09-26 06:00,EDT,2026-09-26T10:00:00Z,,,630058,nba-2026-27-rookie-of-the-year-20260624161716143,NBA: 2026-27 Rookie of the Year,2668859,0x8149c793869e79abea42bafbe28798a8102061bad25527283a88b3952f4ffb7a,will-player-aa-win-the-2026-27-nba-rookie-of-the-year-20260624161716936,Will Player AA win the 2026-27 NBA Rookie of the Year?,Player AA,18957957537095085375520155376748474033585462841035152921959418365825139598683,no_history,,2026-06-24T16:38:25.826622Z,2027-05-31T23:59:00Z
2026-09-26 06:00,EDT,2026-09-26T10:00:00Z,,,630058,nba-2026-27-rookie-of-the-year-20260624161716143,NBA: 2026-27 Rookie of the Year,2668862,0xdd52948836f8f2f2200e4a0ce12203c10f6a62c63774f7c7e93a366ecf249a8b,will-player-ab-win-the-2026-27-nba-rookie-of-the-year-20260624161716937,Will Player AB win the 2026-27 NBA Rookie of the Year?,Player AB,25702361974657311413071839892148674883502859292709977569848499391582541326974,no_history,,2026-06-24T16:34:07.209234Z,2027-05-31T23:59:00Z
2026-09-26 06:00,EDT,2026-09-26T10:00:00Z,,,630058,nba-2026-27-rookie-of-the-year-20260624161716143,NBA: 2026-27 Rookie of the Year,2668864,0x375660d6237255ddee410b26fc4685eb6171e6b66d389d1fe3b0af7c038126e8,will-player-ac-win-the-2026-27-nba-rookie-of-the-year-20260624161716938,Will Player AC win the 2026-27 NBA Rookie of the Year?,Player AC,63599914875429357553129717199073607158293468977077581514862292760797119521991,no_history,,2026-06-24T16:33:22.98777Z,2027-05-31T23:59:00Z
2026-09-26 06:00,EDT,2026-09-26T10:00:00Z,,,630058,nba-2026-27-rookie-of-the-year-20260624161716143,NBA: 2026-27 Rookie of the Year,2668865,0x9d5f0319898cfd6e1264e52f8850278d1dd80467b8d17052f02a02dde28dae5d,will-player-ad-win-the-2026-27-nba-rookie-of-the-year-20260624161716939,Will Player AD win the 2026-27 NBA Rookie of the Year?,Player AD,51051941278622747835903155231528681911847937196500202731356487452140582779257,no_history,,2026-06-24T16:34:16.668957Z,2027-05-31T23:59:00Z
2026-09-26 06:00,EDT,2026-09-26T10:00:00Z,,,630058,nba-2026-27-rookie-of-the-year-20260624161716143,NBA: 2026-27 Rookie of the Year,2668866,0xbda220636c2c9625194bfc7bf9d36b33be7a8394e00f5131b1b6ecf3b7876645,will-player-ae-win-the-2026-27-nba-rookie-of-the-year-20260624161716940,Will Player AE win the 2026-27 NBA Rookie of the Year?,Player AE,5558321869159662816589227930636121881035632982904131161371224980878067629771,no_history,,2026-06-24T16:34:51.763232Z,2027-05-31T23:59:00Z
2026-09-26 06:00,EDT,2026-09-26T10:00:00Z,,,630058,nba-2026-27-rookie-of-the-year-20260624161716143,NBA: 2026-27 Rookie of the Year,2668867,0x77936a99b2690a58ddb9a9d47c7cfd61d4498d2611e066dcfcc6a3431f7a50cf,will-player-af-win-the-2026-27-nba-rookie-of-the-year-20260624161716941,Will Player AF win the 2026-27 NBA Rookie of the Year?,Player AF,101407470372539054592150582868321342237612305615066063656461761060739053436484,no_history,,2026-06-24T16:36:13.672984Z,2027-05-31T23:59:00Z
2026-09-26 06:00,EDT,2026-09-26T10:00:00Z,,,630058,nba-2026-27-rookie-of-the-year-20260624161716143,NBA: 2026-27 Rookie of the Year,2668872,0xdf244afe9d36f87e2d7367891205ed242de8258fd905c5c1a26d50cf485fa3a2,will-player-ag-win-the-2026-27-nba-rookie-of-the-year-20260624161716942,Will Player AG win the 2026-27 NBA Rookie of the Year?,Player AG,31305641116552591216597289902818438557949546609495712308679128082456538498757,no_history,,2026-06-24T16:38:34.645383Z,2027-05-31T23:59:00Z
2026-09-26 06:00,EDT,2026-09-26T10:00:00Z,,,630058,nba-2026-27-rookie-of-the-year-20260624161716143,NBA: 2026-27 Rookie of the Year,2668873,0xd336a12ae1e4ffef952cc4d10e3400382d46d13a04399ccf3a1f1179764d5764,will-player-ah-win-the-2026-27-nba-rookie-of-the-year-20260624161716943,Will Player AH win the 2026-27 NBA Rookie of the Year?,Player AH,68842949414315533578863164159730287063764968884886389087444367792266618836212,no_history,,2026-06-24T16:35:16.040751Z,2027-05-31T23:59:00Z
2026-09-26 06:00,EDT,2026-09-26T10:00:00Z,,,630058,nba-2026-27-rookie-of-the-year-20260624161716143,NBA: 2026-27 Rookie of the Year,2668874,0xc78652c064e26cc92ceb17a59363a009fdd1084b501bcf2e35ba71a37d6d18e4,will-player-ai-win-the-2026-27-nba-rookie-of-the-year-20260624161716944,Will Player AI win the 2026-27 NBA Rookie of the Year?,Player AI,106056522017866158036931468515334849797241514475735780536930631585153055951455,no_history,,2026-06-24T16:36:35.649657Z,2027-05-31T23:59:00Z
2026-09-26 06:00,EDT,2026-09-26T10:00:00Z,,,630058,nba-2026-27-rookie-of-the-year-20260624161716143,NBA: 2026-27 Rookie of the Year,2668875,0x52d5aaf6684c67aeead2e4d41a5002152c6cfae0acbef433e615f98f98712c4b,will-player-aj-win-the-2026-27-nba-rookie-of-the-year-20260624161716945,Will Player AJ win the 2026-27 NBA Rookie of the Year?,Player AJ,75998361528728724390724415288822165578970242169345711167852334965227251387845,no_history,,2026-06-24T16:38:04.605702Z,2027-05-31T23:59:00Z
2026-09-26 06:00,EDT,2026-09-26T10:00:00Z,,,630058,nba-2026-27-rookie-of-the-year-20260624161716143,NBA: 2026-27 Rookie of the Year,2668876,0x04bc073a7dff6aced4112c7384315e0c2b49ed90062fda0b1fae27062a4409f1,will-player-ak-win-the-2026-27-nba-rookie-of-the-year-20260624161716946,Will Player AK win the 2026-27 NBA Rookie of the Year?,Player AK,83489096270168703301031780661970676367719813755869872969878029857515619656274,no_history,,2026-06-24T16:36:25.801654Z,2027-05-31T23:59:00Z
2026-09-26 06:00,EDT,2026-09-26T10:00:00Z,,,630058,nba-2026-27-rookie-of-the-year-20260624161716143,NBA: 2026-27 Rookie of the Year,2668877,0x5a3b23bddee44c8b932cb03fbdd4e5906d4f3f6530aeed5bd961ea4796428209,will-player-al-win-the-2026-27-nba-rookie-of-the-year-20260624161716947,Will Player AL win the 2026-27 NBA Rookie of the Year?,Player AL,64227176956369620531189905140484900808663290477064384772297869891838078307122,no_history,,2026-06-24T16:32:10.337439Z,2027-05-31T23:59:00Z
2026-09-26 06:00,EDT,2026-09-26T10:00:00Z,,,630058,nba-2026-27-rookie-of-the-year-20260624161716143,NBA: 2026-27 Rookie of the Year,2668878,0x1bfc01782a0a5db202ec78aee3f8b38609fe62273f313d9be48935ae8a0aeefc,will-player-am-win-the-2026-27-nba-rookie-of-the-year-20260624161716948,Will Player AM win the 2026-27 NBA Rookie of the Year?,Player AM,50775956580274620019741650980612221670029051909567441525310073841606370842110,no_history,,2026-06-24T16:35:00.679567Z,2027-05-31T23:59:00Z
2026-09-26 06:00,EDT,2026-09-26T10:00:00Z,,,630058,nba-2026-27-rookie-of-the-year-20260624161716143,NBA: 2026-27 Rookie of the Year,2668879,0x2c94beb89ef9893d3e670eaadb7c3ae1e41cd1322fe0d53e8535f1ddc31a42ba,will-player-an-win-the-2026-27-nba-rookie-of-the-year-20260624161716949,Will Player AN win the 2026-27 NBA Rookie of the Year?,Player AN,96983310753487720106502991587399957748684406025742251055743370957859527137907,no_history,,2026-06-24T16:33:15.778459Z,2027-05-31T23:59:00Z
2026-09-26 06:00,EDT,2026-09-26T10:00:00Z,,,630058,nba-2026-27-rookie-of-the-year-20260624161716143,NBA: 2026-27 Rookie of the Year,2668880,0x0c2c9bc73d9d5bac624557cdac22cac052c51bcafe399b93a9183ba54826c6ec,will-player-ao-win-the-2026-27-nba-rookie-of-the-year-20260624161716950,Will Player AO win the 2026-27 NBA Rookie of the Year?,Player AO,39859893365237482197396256019158423285794559319660361713321982847121828890234,no_history,,2026-06-24T16:33:58.178542Z,2027-05-31T23:59:00Z
2026-09-26 06:00,EDT,2026-09-26T10:00:00Z,,,630058,nba-2026-27-rookie-of-the-year-20260624161716143,NBA: 2026-27 Rookie of the Year,2668881,0x155d764b47b1140a4a58cbdbafd4d03345bcaf03e33d8e293c556040e6ea156b,will-player-ap-win-the-2026-27-nba-rookie-of-the-year-20260624161716951,Will Player AP win the 2026-27 NBA Rookie of the Year?,Player AP,6355713927931743262845016056643826313951399658961936167560624539558013046137,no_history,,2026-06-24T16:32:20.986106Z,2027-05-31T23:59:00Z
2026-09-26 06:00,EDT,2026-09-26T10:00:00Z,,,630058,nba-2026-27-rookie-of-the-year-20260624161716143,NBA: 2026-27 Rookie of the Year,2668882,0x43d64e34b1dac6f38590fca52c78b8b55981300d7d89ef08b93f05c81b02239a,will-player-aq-win-the-2026-27-nba-rookie-of-the-year-20260624161716952,Will Player AQ win the 2026-27 NBA Rookie of the Year?,Player AQ,94732913054636820921654126113645674823378318049951411162491003047735217539333,no_history,,2026-06-24T16:33:21.914742Z,2027-05-31T23:59:00Z
2026-09-26 06:00,EDT,2026-09-26T10:00:00Z,,,630058,nba-2026-27-rookie-of-the-year-20260624161716143,NBA: 2026-27 Rookie of the Year,2668883,0xbc9a456e1dbadcbbcedcc814083168298dc60d414a268f04a2b1248192dd6d41,will-player-ar-win-the-2026-27-nba-rookie-of-the-year-20260624161716953,Will Player AR win the 2026-27 NBA Rookie of the Year?,Player AR,36053065234957561590527745942764272238635508355378046618172734439813352714697,no_history,,2026-06-24T16:35:01.710569Z,2027-05-31T23:59:00Z
2026-09-26 06:00,EDT,2026-09-26T10:00:00Z,,,630058,nba-2026-27-rookie-of-the-year-20260624161716143,NBA: 2026-27 Rookie of the Year,2668884,0xfcd8be67be0f58c4ddadf24c8f4126fa6ff180fef6f7080ce295a4c402c691ee,will-player-as-win-the-2026-27-nba-rookie-of-the-year-20260624161716954,Will Player AS win the 2026-27 NBA Rookie of the Year?,Player AS,102630093249800633597624623353555668780981579715215814856515503372589421544628,no_history,,2026-06-24T16:35:50.594487Z,2027-05-31T23:59:00Z
2026-09-26 06:00,EDT,2026-09-26T10:00:00Z,,,630058,nba-2026-27-rookie-of-the-year-20260624161716143,NBA: 2026-27 Rookie of the Year,2668885,0x90a36622d532477d99de515f3f725795b554a71420fc29f11d6be9b4b00a6f16,will-player-at-win-the-2026-27-nba-rookie-of-the-year-20260624161716955,Will Player AT win the 2026-27 NBA Rookie of the Year?,Player AT,32597431142944279472139054104208838740590502391628063660530712976353623951159,no_history,,2026-06-24T16:33:08.647693Z,2027-05-31T23:59:00Z
2026-09-26 06:00,EDT,2026-09-26T10:00:00Z,,,630058,nba-2026-27-rookie-of-the-year-20260624161716143,NBA: 2026-27 Rookie of the Year,2668886,0xcf13187c552a073e663745505e542d64457e8e674989ee7c4612bbcc0e4d870e,will-player-au-win-the-2026-27-nba-rookie-of-the-year-20260624161716956,Will Player AU win the 2026-27 NBA Rookie of the Year?,Player AU,78869050221656203160587033504004741800066609012494176049299951490600374679299,no_history,,2026-06-24T16:36:34.656626Z,2027-05-31T23:59:00Z
2026-09-26 06:00,EDT,2026-09-26T10:00:00Z,,,630058,nba-2026-27-rookie-of-the-year-20260624161716143,NBA: 2026-27 Rookie of the Year,2668887,0x2ee3b7834471a63882ec9340942cb45cc6dfe7ce39f70c122005cef04241d057,will-player-av-win-the-2026-27-nba-rookie-of-the-year-20260624161716957,Will Player AV win the 2026-27 NBA Rookie of the Year?,Player AV,95164226803021896985656599092904968483008653451406798492274632708738194980566,no_history,,2026-06-24T16:32:25.119992Z,2027-05-31T23:59:00Z
2026-09-26 06:00,EDT,2026-09-26T10:00:00Z,,,630058,nba-2026-27-rookie-of-the-year-20260624161716143,NBA: 2026-27 Rookie of the Year,2668888,0xdd531106693f7999f76fad4325a8fef0fcfca54ecd422101da999530c2e89a56,will-player-aw-win-the-2026-27-nba-rookie-of-the-year-20260624161716958,Will Player AW win the 2026-27 NBA Rookie of the Year?,Player AW,46760717694508254015556190045947444200115534982214771766260101967915369146194,no_history,,2026-06-24T16:38:28.687649Z,2027-05-31T23:59:00Z
2026-09-26 06:00,EDT,2026-09-26T10:00:00Z,,,630058,nba-2026-27-rookie-of-the-year-20260624161716143,NBA: 2026-27 Rookie of the Year,2668889,0x4a54b70c69096dcb8847cdc3898ec4fd8301130bec5ff149e435142410ddc63a,will-player-ax-win-the-2026-27-nba-rookie-of-the-year-20260624161716959,Will Player AX win the 2026-27 NBA Rookie of the Year?,Player AX,80594881922949923461548924385860584429807312822948706610858917917946238477887,no_history,,2026-06-24T16:33:20.911938Z,2027-05-31T23:59:00Z
2026-09-26 06:00,EDT,2026-09-26T10:00:00Z,,,630058,nba-2026-27-rookie-of-the-year-20260624161716143,NBA: 2026-27 Rookie of the Year,2668827,0xaa195ce2c95b54bb696c829e32857b8dfabf67224666c8e8ebdc2bea606a62a1,will-player-b-win-the-2026-27-nba-rookie-of-the-year-20260624161716911,Will Player B win the 2026-27 NBA Rookie of the Year?,Player B,86768809237479027417479948625836515980403267518449934804180950432505126037157,no_history,,2026-06-24T16:36:37.73822Z,2027-05-31T23:59:00Z
2026-09-26 06:00,EDT,2026-09-26T10:00:00Z,,,630058,nba-2026-27-rookie-of-the-year-20260624161716143,NBA: 2026-27 Rookie of the Year,2668828,0x49b7fc69fad6d25a375aaf48731500976c9fcd1ad97d206ba6f855d59e6491be,will-player-c-win-the-2026-27-nba-rookie-of-the-year-20260624161716912,Will Player C win the 2026-27 NBA Rookie of the Year?,Player C,32855225488391371924271585518605204950338087484318789217004397989443909321751,no_history,,2026-06-24T16:33:45.857334Z,2027-05-31T23:59:00Z
2026-09-26 06:00,EDT,2026-09-26T10:00:00Z,,,630058,nba-2026-27-rookie-of-the-year-20260624161716143,NBA: 2026-27 Rookie of the Year,2668829,0x73697ff90a10e20af9aab2137a7f853b68258152e9c62ec06a43978313f22b7c,will-player-d-win-the-2026-27-nba-rookie-of-the-year-20260624161716913,Will Player D win the 2026-27 NBA Rookie of the Year?,Player D,17795643718486637182292971958079498683813457187435778535584940973780495111184,no_history,,2026-06-24T16:35:05.826507Z,2027-05-31T23:59:00Z
2026-09-26 06:00,EDT,2026-09-26T10:00:00Z,,,630058,nba-2026-27-rookie-of-the-year-20260624161716143,NBA: 2026-27 Rookie of the Year,2668830,0xa3bcdce3ef1923778c89cee0559c39f50e829d502cbc81905586d9388065d145,will-player-e-win-the-2026-27-nba-rookie-of-the-year-20260624161716914,Will Player E win the 2026-27 NBA Rookie of the Year?,Player E,76603953635863282157458742922205185575164954338242582173737036629672218007129,no_history,,2026-06-24T16:32:57.608921Z,2027-05-31T23:59:00Z
2026-09-26 06:00,EDT,2026-09-26T10:00:00Z,,,630058,nba-2026-27-rookie-of-the-year-20260624161716143,NBA: 2026-27 Rookie of the Year,2668831,0x4f123eb74a825d3eb202ff9deec1636f32e255d678980a808158fb33b04c07cf,will-player-f-win-the-2026-27-nba-rookie-of-the-year-20260624161716915,Will Player F win the 2026-27 NBA Rookie of the Year?,Player F,7351112774088177603586244344042625953403315141179283388408042558322374241738,no_history,,2026-06-24T16:31:41.214785Z,2027-05-31T23:59:00Z
2026-09-26 06:00,EDT,2026-09-26T10:00:00Z,,,630058,nba-2026-27-rookie-of-the-year-20260624161716143,NBA: 2026-27 Rookie of the Year,2668832,0x99036eca6a67a554f0a9d2806b98b218a27dfee915722c6e41948f7a1cac14fe,will-player-g-win-the-2026-27-nba-rookie-of-the-year-20260624161716916,Will Player G win the 2026-27 NBA Rookie of the Year?,Player G,32054412510156557017540612744454951883902231861764436078999442656924670394572,no_history,,2026-06-24T16:32:12.08928Z,2027-05-31T23:59:00Z
2026-09-26 06:00,EDT,2026-09-26T10:00:00Z,,,630058,nba-2026-27-rookie-of-the-year-20260624161716143,NBA: 2026-27 Rookie of the Year,2668833,0x3291d107c5867783319b224081a8f86b6122a842e278cf10f89fe53a62698fa7,will-player-h-win-the-2026-27-nba-rookie-of-the-year-20260624161716917,Will Player H win the 2026-27 NBA Rookie of the Year?,Player H,30521137401542474254420717591757995100638095641819067358174974911710647902229,no_history,,2026-06-24T16:36:06.67271Z,2027-05-31T23:59:00Z
2026-09-26 06:00,EDT,2026-09-26T10:00:00Z,,,630058,nba-2026-27-rookie-of-the-year-20260624161716143,NBA: 2026-27 Rookie of the Year,2668834,0xfe231bf7867d31ff42d91ceff7e4eb8ed467043a804ab0e1ead2e531408555ec,will-player-i-win-the-2026-27-nba-rookie-of-the-year-20260624161716918,Will Player I win the 2026-27 NBA Rookie of the Year?,Player I,51944080614578818074143599817098145006700504488133660476470164932766124851389,no_history,,2026-06-24T16:36:22.976992Z,2027-05-31T23:59:00Z
2026-09-26 06:00,EDT,2026-09-26T10:00:00Z,,,630058,nba-2026-27-rookie-of-the-year-20260624161716143,NBA: 2026-27 Rookie of the Year,2668835,0x7d70a55c66ef2e9daa874d299dd427f33cc7d7567164ddaeccbf0f23d2621fec,will-player-j-win-the-2026-27-nba-rookie-of-the-year-20260624161716919,Will Player J win the 2026-27 NBA Rookie of the Year?,Player J,19173621407211736765788086467616195401522109533392513322236279881830043120409,no_history,,2026-06-24T16:37:41.104015Z,2027-05-31T23:59:00Z
2026-09-26 06:00,EDT,2026-09-26T10:00:00Z,,,630058,nba-2026-27-rookie-of-the-year-20260624161716143,NBA: 2026-27 Rookie of the Year,2668836,0x62f27975bf5ea0fc83865cf3fde76aa5163738064cb05cf2775e137d3b59605c,will-player-k-win-the-2026-27-nba-rookie-of-the-year-20260624161716920,Will Player K win the 2026-27 NBA Rookie of the Year?,Player K,91573865660804587368717849208964117049276683312873927330683132947727760171966,no_history,,2026-06-24T16:36:10.64128Z,2027-05-31T23:59:00Z
2026-09-26 06:00,EDT,2026-09-26T10:00:00Z,,,630058,nba-2026-27-rookie-of-the-year-20260624161716143,NBA: 2026-27 Rookie of the Year,2668837,0xfbf9e46c3f64586b00d9081842e0887d6ea2f80440234efed5336df4b897cf8b,will-player-l-win-the-2026-27-nba-rookie-of-the-year-20260624161716921,Will Player L win the 2026-27 NBA Rookie of the Year?,Player L,62467011418993356875850510970645927635458622846377886280254624878165600605488,no_history,,2026-06-24T16:31:37.324841Z,2027-05-31T23:59:00Z
2026-09-26 06:00,EDT,2026-09-26T10:00:00Z,,,630058,nba-2026-27-rookie-of-the-year-20260624161716143,NBA: 2026-27 Rookie of the Year,2668838,0x7605da50a621417bf5487763505a4a01af92a640bbfdb45c4084db0a426c0014,will-player-m-win-the-2026-27-nba-rookie-of-the-year-20260624161716922,Will Player M win the 2026-27 NBA Rookie of the Year?,Player M,54582798537957458088143864499810794071947926526334838671169389235307387631454,no_history,,2026-06-24T16:33:03.730817Z,2027-05-31T23:59:00Z
2026-09-26 06:00,EDT,2026-09-26T10:00:00Z,,,630058,nba-2026-27-rookie-of-the-year-20260624161716143,NBA: 2026-27 Rookie of the Year,2668839,0x8d64b8e6417872cf397761ad254e040e5c96c814302dc9d8a0d83b978a621b92,will-player-n-win-the-2026-27-nba-rookie-of-the-year-20260624161716923,Will Player N win the 2026-27 NBA Rookie of the Year?,Player N,88492698807898382250163551312275159577718376140852787352470793626928015194714,no_history,,2026-06-24T16:34:50.730695Z,2027-05-31T23:59:00Z
2026-09-26 06:00,EDT,2026-09-26T10:00:00Z,,,630058,nba-2026-27-rookie-of-the-year-20260624161716143,NBA: 2026-27 Rookie of the Year,2668840,0x4eb08d01c25167783694c38fa272760e2ad05c9477e861b65deb0fc2dd26b23f,will-player-o-win-the-2026-27-nba-rookie-of-the-year-20260624161716924,Will Player O win the 2026-27 NBA Rookie of the Year?,Player O,64795149371520192055564924200633721926229218795739071645012338450890272051880,no_history,,2026-06-24T16:36:56.098621Z,2027-05-31T23:59:00Z
2026-09-26 06:00,EDT,2026-09-26T10:00:00Z,,,630058,nba-2026-27-rookie-of-the-year-20260624161716143,NBA: 2026-27 Rookie of the Year,2668841,0x182b45d12228a6eb040d1ff91c355aec89062c42cd6a9e5f6f28c1e64a8f827a,will-player-p-win-the-2026-27-nba-rookie-of-the-year-20260624161716925,Will Player P win the 2026-27 NBA Rookie of the Year?,Player P,13098044601999402897009071062035532554030830485981879754308510211269637595872,no_history,,2026-06-24T16:35:37.875644Z,2027-05-31T23:59:00Z
2026-09-26 06:00,EDT,2026-09-26T10:00:00Z,,,630058,nba-2026-27-rookie-of-the-year-20260624161716143,NBA: 2026-27 Rookie of the Year,2668842,0x168d6260557cb8c86e62a88ed090d607fefde676222f0eb59c96895caa9812ac,will-player-q-win-the-2026-27-nba-rookie-of-the-year-20260624161716926,Will Player Q win the 2026-27 NBA Rookie of the Year?,Player Q,31827329247499549768397412841860483276158533450356754301352968837073867074472,no_history,,2026-06-24T16:31:43.202009Z,2027-05-31T23:59:00Z
2026-09-26 06:00,EDT,2026-09-26T10:00:00Z,,,630058,nba-2026-27-rookie-of-the-year-20260624161716143,NBA: 2026-27 Rookie of the Year,2668843,0x4b767d5e6649ef5cdc836c248866c284a9f1eed5c479f191fe8232a1024cdb1c,will-player-r-win-the-2026-27-nba-rookie-of-the-year-20260624161716927,Will Player R win the 2026-27 NBA Rookie of the Year?,Player R,19161171615924564256249994597559853091009543335240021379718973002924599567414,no_history,,2026-06-24T16:35:59.342018Z,2027-05-31T23:59:00Z
2026-09-26 06:00,EDT,2026-09-26T10:00:00Z,,,630058,nba-2026-27-rookie-of-the-year-20260624161716143,NBA: 2026-27 Rookie of the Year,2668844,0x5c7660c2b1a0d0eccd3be7fe15671e5a3f42f52046590337d5d89461c07207cc,will-player-s-win-the-2026-27-nba-rookie-of-the-year-20260624161716928,Will Player S win the 2026-27 NBA Rookie of the Year?,Player S,28199215468201932835744795496823113951133003057949383931419004017194476866419,no_history,,2026-06-24T16:32:13.332528Z,2027-05-31T23:59:00Z
2026-09-26 06:00,EDT,2026-09-26T10:00:00Z,,,630058,nba-2026-27-rookie-of-the-year-20260624161716143,NBA: 2026-27 Rookie of the Year,2668845,0x0ab7819d828d1e398f5d43591934da893c0c6891d0d0d5502fb1682de01d6d97,will-player-t-win-the-2026-27-nba-rookie-of-the-year-20260624161716929,Will Player T win the 2026-27 NBA Rookie of the Year?,Player T,43861307711649315158992158694890807579601718767880790012155344712619844654059,no_history,,2026-06-24T16:37:08.472385Z,2027-05-31T23:59:00Z
2026-09-26 06:00,EDT,2026-09-26T10:00:00Z,,,630058,nba-2026-27-rookie-of-the-year-20260624161716143,NBA: 2026-27 Rookie of the Year,2668846,0x63abd02fa8167b559c239cfff32b881f6647f9df08f32290913cd0195cf38ba9,will-player-u-win-the-2026-27-nba-rookie-of-the-year-20260624161716930,Will Player U win the 2026-27 NBA Rookie of the Year?,Player U,66243831198747644913886223802198781026628888089156480204874739027339524388121,no_history,,2026-06-24T16:32:31.053954Z,2027-05-31T23:59:00Z
2026-09-26 06:00,EDT,2026-09-26T10:00:00Z,,,630058,nba-2026-27-rookie-of-the-year-20260624161716143,NBA: 2026-27 Rookie of the Year,2668847,0x958687c31c63070900292d8b5b9f1c9827663566949d5aa02de374da49d24479,will-player-v-win-the-2026-27-nba-rookie-of-the-year-20260624161716931,Will Player V win the 2026-27 NBA Rookie of the Year?,Player V,113878733476700954610325539647011405087664125104489474518549330695075946809878,no_history,,2026-06-24T16:33:07.615437Z,2027-05-31T23:59:00Z
2026-09-26 06:00,EDT,2026-09-26T10:00:00Z,,,630058,nba-2026-27-rookie-of-the-year-20260624161716143,NBA: 2026-27 Rookie of the Year,2668848,0xcc16527ff4e7e7cdfaf87c80645b210e8a893eae9de0ae28db14a66b0ab61e07,will-player-w-win-the-2026-27-nba-rookie-of-the-year-20260624161716932,Will Player W win the 2026-27 NBA Rookie of the Year?,Player W,86193028086379779546195161342244147644861571387309292181582645970254980959509,no_history,,2026-06-24T16:31:38.352698Z,2027-05-31T23:59:00Z
2026-09-26 06:00,EDT,2026-09-26T10:00:00Z,,,630058,nba-2026-27-rookie-of-the-year-20260624161716143,NBA: 2026-27 Rookie of the Year,2668850,0xbe45aee6058459bb984a9d43f07f130dacf5f0fd51eae72601ae3b995ccfb348,will-player-x-win-the-2026-27-nba-rookie-of-the-year-20260624161716933,Will Player X win the 2026-27 NBA Rookie of the Year?,Player X,62119225900053389872411510730824583330883278244830781014174915800760011959714,no_history,,2026-06-24T16:35:44.460847Z,2027-05-31T23:59:00Z
2026-09-26 06:00,EDT,2026-09-26T10:00:00Z,,,630058,nba-2026-27-rookie-of-the-year-20260624161716143,NBA: 2026-27 Rookie of the Year,2668855,0xb0bfdd7a152eddb39eddca756d297dacd131ee3918ba884205fb7bf5e3b0ecd2,will-player-y-win-the-2026-27-nba-rookie-of-the-year-20260624161716934,Will Player Y win the 2026-27 NBA Rookie of the Year?,Player Y,79053380721022572891599569613250462949237227991679178714017617023709112160403,no_history,,2026-06-24T16:32:43.19451Z,2027-05-31T23:59:00Z
2026-09-26 06:00,EDT,2026-09-26T10:00:00Z,,,630058,nba-2026-27-rookie-of-the-year-20260624161716143,NBA: 2026-27 Rookie of the Year,2668856,0x9f9820258a7bb396aa5824ce13192dd8c8f290bd36fc886ff085b298c1a6821a,will-player-z-win-the-2026-27-nba-rookie-of-the-year-20260624161716935,Will Player Z win the 2026-27 NBA Rookie of the Year?,Player Z,80648314013532995734567461257960099664391414283697050436242750059050424381338,no_history,,2026-06-24T16:32:49.041363Z,2027-05-31T23:59:00Z
2026-09-26 06:00,EDT,2026-09-26T10:00:00Z,2026-09-26T09:59:17Z,43,630058,nba-2026-27-rookie-of-the-year-20260624161716143,NBA: 2026-27 Rookie of the Year,2668820,0x4147ef8d897c95897087489b7ab804d0e943252c2ef96002dcc0d4ccb23f1b30,will-sergio-de-larrea-win-the-2026-27-nba-rookie-of-the-year-20260624161716904,Will Sergio De Larrea win the 2026-27 NBA Rookie of the Year?,Sergio De Larrea,62249392388228334009382838266790330707753641022103736285637132075535414120043,ok,0.009,2026-06-24T16:31:22.45021Z,2027-05-01T03:59:00Z
2026-09-26 06:00,EDT,2026-09-26T10:00:00Z,2026-09-26T09:59:18Z,42,630058,nba-2026-27-rookie-of-the-year-20260624161716143,NBA: 2026-27 Rookie of the Year,2668821,0xc5ddf571ee38b766764e1f4de6b6786ea1714d6f0832bb2a404ddd535236ea73,will-tarris-reed-jrpt-win-the-2026-27-nba-rookie-of-the-year-20260624161716905,Will Tarris Reed Jr. win the 2026-27 NBA Rookie of the Year?,Tarris Reed Jr.,6207032540311859808991535171256035339662435061453312799446124579684077866177,ok,0.0015,2026-06-24T16:31:25.569007Z,2027-05-01T03:59:00Z
2026-09-26 06:00,EDT,2026-09-26T10:00:00Z,2026-09-26T09:59:17Z,43,630058,nba-2026-27-rookie-of-the-year-20260624161716143,NBA: 2026-27 Rookie of the Year,2668806,0xb3bb2c8065e8192b3d9bc6744fe17ac6e361f89e7e349718e235bade77a5ddc0,will-yaxel-lendeborg-win-the-2026-27-nba-rookie-of-the-year-20260624161716890,Will Yaxel Lendeborg win the 2026-27 NBA Rookie of the Year?,Yaxel Lendeborg,55035946160991775852939022956664364919436973895028160552429818425983044703947,ok,0.028,2026-06-24T16:30:40.565068Z,2027-05-01T03:59:00Z
2026-09-26 06:00,EDT,2026-09-26T10:00:00Z,2026-09-26T09:59:17Z,43,630058,nba-2026-27-rookie-of-the-year-20260624161716143,NBA: 2026-27 Rookie of the Year,2668818,0xf9317cc7c4476135c6675b9f1bcc98d42533ace80a9c422a55c24a2d393b52fa,will-zuby-ejiofor-win-the-2026-27-nba-rookie-of-the-year-20260624161716902,Will Zuby Ejiofor win the 2026-27 NBA Rookie of the Year?,Zuby Ejiofor,107541115544399863269078927037453984465232892825639810121938969757433720011473,ok,0.0025,2026-06-24T16:31:15.237622Z,2027-05-01T03:59:00Z
2026-09-26 06:00,EDT,2026-09-26T10:00:00Z,2026-09-26T09:59:17Z,43,478277,nba-2027-champion,NBA: 2027 Champion,2243296,0x6a9ac156f2eee27c3c36e94c88c7384ed4201f58f2c9d1686df3012cfb97f9cc,will-atlanta-hawks-win-the-2027-nba-finals,Will Atlanta Hawks win the 2027 NBA Finals?,Atlanta Hawks,66978283296201729156011778181685232128845704002364165961550702560777069065938,ok,0.0085,2026-05-13T20:07:53.605766Z,2027-07-01T03:59:00Z
2026-09-26 06:00,EDT,2026-09-26T10:00:00Z,2026-09-26T09:59:18Z,42,478277,nba-2027-champion,NBA: 2027 Champion,2243297,0x97c8704c244c5c6eb076f2212347dc0aefcf1250e513f6c8aafa170f5398172d,will-boston-celtics-win-the-2027-nba-finals,Will Boston Celtics win the 2027 NBA Finals?,Boston Celtics,26581349382054409189680640260022986621270538404458754938164475396816106860966,ok,0.045,2026-05-13T20:08:08.70239Z,2027-07-01T03:59:00Z
2026-09-26 06:00,EDT,2026-09-26T10:00:00Z,2026-09-26T09:59:14Z,46,478277,nba-2027-champion,NBA: 2027 Champion,2243298,0xb56f8dfc3e5929cf15036f4b8ecd24c9bfafa80c90bf550d396e43a45af42aa8,will-brooklyn-nets-win-the-2027-nba-finals,Will Brooklyn Nets win the 2027 NBA Finals?,Brooklyn Nets,41805770286435404453332692039198335167650368122849257466127399723685932816889,ok,0.0015,2026-05-13T20:08:42.366333Z,2027-07-01T03:59:00Z
2026-09-26 06:00,EDT,2026-09-26T10:00:00Z,2026-09-26T09:59:17Z,43,478277,nba-2027-champion,NBA: 2027 Champion,2243299,0xc25fedfbfa990c6c577ee469b9c183d54944d6fad74af5b6abd13a76f0250a95,will-charlotte-hornets-win-the-2027-nba-finals,Will Charlotte Hornets win the 2027 NBA Finals?,Charlotte Hornets,104764677445041735405004295087562978678692922058505365615073838332507558341437,ok,0.0045,2026-05-13T20:08:16.437983Z,2027-07-01T03:59:00Z
2026-09-26 06:00,EDT,2026-09-26T10:00:00Z,2026-09-26T09:59:17Z,43,478277,nba-2027-champion,NBA: 2027 Champion,2243300,0x4cdf253f75bb475e60c6188733fcf09efc13619462367c757b430dfb571cd4c2,will-chicago-bulls-win-the-2027-nba-finals,Will Chicago Bulls win the 2027 NBA Finals?,Chicago Bulls,113337721579381277908305465082782938267003233130740276938288846926133472308523,ok,0.0025,2026-05-13T20:08:28.48932Z,2027-07-01T03:59:00Z
2026-09-26 06:00,EDT,2026-09-26T10:00:00Z,2026-09-26T09:59:16Z,44,478277,nba-2027-champion,NBA: 2027 Champion,2243301,0xce903be5404ef830b1f9c235c05ce5c4181d6d358913c730b0f39ce8237902cd,will-cleveland-cavaliers-win-the-2027-nba-finals,Will Cleveland Cavaliers win the 2027 NBA Finals?,Cleveland Cavaliers,7103927316928557651756293615464760318461267087970415244972136093676271405674,ok,0.0225,2026-05-13T20:08:43.401563Z,2027-07-01T03:59:00Z
2026-09-26 06:00,EDT,2026-09-26T10:00:00Z,2026-09-26T09:59:17Z,43,478277,nba-2027-champion,NBA: 2027 Champion,2243311,0xb20eee80b51c16916269e073880317aa60cb5b258be0e4db0d8be7b1d8f1958f,will-dallas-mavericks-win-the-2027-nba-finals,Will Dallas Mavericks win the 2027 NBA Finals?,Dallas Mavericks,4349233229896137644074586999216265233007467186235435871733698369103355405028,ok,0.0055,2026-05-13T20:09:34.419309Z,2027-07-01T03:59:00Z
2026-09-26 06:00,EDT,2026-09-26T10:00:00Z,2026-09-26T09:59:16Z,44,478277,nba-2027-champion,NBA: 2027 Champion,2243312,0x6f27ddb01fa63c7993ffa02611613ab2c1dcef7e7f9ecad74eb8ed6b5ac7a46d,will-denver-nuggets-win-the-2027-nba-finals,Will Denver Nuggets win the 2027 NBA Finals?,Denver Nuggets,338436322259062069756479235974559743523378455152932470985493948167186891368,ok,0.0305,2026-05-13T20:09:36.490719Z,2027-07-01T03:59:00Z
2026-09-26 06:00,EDT,2026-09-26T10:00:00Z,2026-09-26T09:59:16Z,44,478277,nba-2027-champion,NBA: 2027 Champion,2243302,0xbfc40c01252d9c9677859e9649eec406cae93e7866eda1b48b3b4b29da16027e,will-detroit-pistons-win-the-2027-nba-finals,Will Detroit Pistons win the 2027 NBA Finals?,Detroit Pistons,22589862545502642463701340320964032988974740564891659118937148977135855914254,ok,0.0285,2026-05-13T20:08:30.501912Z,2027-07-01T03:59:00Z
2026-09-26 06:00,EDT,2026-09-26T10:00:00Z,2026-09-26T09:59:17Z,43,478277,nba-2027-champion,NBA: 2027 Champion,2243313,0x0687236dace728be2aa72be8b802918f45de83e4ded7d0c3fa3fe9b83c83db74,will-golden-state-warriors-win-the-2027-nba-finals,Will Golden State Warriors win the 2027 NBA Finals?,Golden State Warriors,50057479075318947359707260741622203277536030001654353875522545719934423335906,ok,0.011,2026-05-13T20:09:36.237473Z,2027-07-01T03:59:00Z
2026-09-26 06:00,EDT,2026-09-26T10:00:00Z,2026-09-26T09:59:15Z,45,478277,nba-2027-champion,NBA: 2027 Champion,2243314,0x6f5776ab6901d29473377a86020f6adf111f781e4d5a4da5b9c0bee64c0560da,will-houston-rockets-win-the-2027-nba-finals,Will Houston Rockets win the 2027 NBA Finals?,Houston Rockets,54389136151618785952849043856295459748131034150210702007482093675046699037784,ok,0.0165,2026-05-13T20:09:38.490542Z,2027-07-01T03:59:00Z
2026-09-26 06:00,EDT,2026-09-26T10:00:00Z,2026-09-26T09:59:17Z,43,478277,nba-2027-champion,NBA: 2027 Champion,2243303,0x874f82a92e635a08c1e38aaa8eecc946327dfa4a2a010afd2bed0ec33c65851b,will-indiana-pacers-win-the-2027-nba-finals,Will Indiana Pacers win the 2027 NBA Finals?,Indiana Pacers,33980098202566160742933998883875104660267284431086844431645851751245806675098,ok,0.0185,2026-05-13T20:08:50.33585Z,2027-07-01T03:59:00Z
2026-09-26 06:00,EDT,2026-09-26T10:00:00Z,2026-09-26T09:59:16Z,44,478277,nba-2027-champion,NBA: 2027 Champion,2243315,0x8d4aefae64a589bfcb59e677cbbb35b5dfd19e7d9788f4eb429cc74618d0da2b,will-los-angeles-clippers-win-the-2027-nba-finals,Will Los Angeles Clippers win the 2027 NBA Finals?,Los Angeles Clippers,76232322569898589749413822670406290301746839185124132406151011054116796849360,ok,0.0025,2026-05-13T20:09:39.487457Z,2027-07-01T03:59:00Z
2026-09-26 06:00,EDT,2026-09-26T10:00:00Z,2026-09-26T09:59:15Z,45,478277,nba-2027-champion,NBA: 2027 Champion,2243316,0xb266b012fdf96f54db41cefe2f4bf1c2ae0976487fdd49783bcc15dd0666d5b9,will-los-angeles-lakers-win-the-2027-nba-finals,Will Los Angeles Lakers win the 2027 NBA Finals?,Los Angeles Lakers,26571480884168216649675719735797492426851959149575524589012193881222415382420,ok,0.0195,2026-05-13T20:10:09.814806Z,2027-07-01T03:59:00Z
2026-09-26 06:00,EDT,2026-09-26T10:00:00Z,2026-09-26T09:59:17Z,43,478277,nba-2027-champion,NBA: 2027 Champion,2243317,0xde3fc0fd024453132e8fe12a3b21d2c165dbb05b9036ae41434a98134917ab5e,will-memphis-grizzlies-win-the-2027-nba-finals,Will Memphis Grizzlies win the 2027 NBA Finals?,Memphis Grizzlies,71113005321543345953148982401714344852983979956921740107184770476905149747949,ok,0.0025,2026-05-13T20:10:11.802674Z,2027-07-01T03:59:00Z
2026-09-26 06:00,EDT,2026-09-26T10:00:00Z,2026-09-26T09:59:17Z,43,478277,nba-2027-champion,NBA: 2027 Champion,2243304,0x6bbbb7121686fcec37d4023c81314b13d9c6a0e2bfd056d51d304b7060232c86,will-miami-heat-win-the-2027-nba-finals,Will Miami Heat win the 2027 NBA Finals?,Miami Heat,1002605241037566897075427941760276379638292422424020000466947342214004056028,ok,0.0305,2026-05-13T20:08:52.329262Z,2027-07-01T03:59:00Z
2026-09-26 06:00,EDT,2026-09-26T10:00:00Z,2026-09-26T09:59:16Z,44,478277,nba-2027-champion,NBA: 2027 Champion,2243305,0xfcb0a4cd501480b1497850790b1dc734748f0996b069f82d915994d96c2b31b5,will-milwaukee-bucks-win-the-2027-nba-finals,Will Milwaukee Bucks win the 2027 NBA Finals?,Milwaukee Bucks,95591695216171451248134018784429977920892345198186404402775566795817315978257,ok,0.0015,2026-05-13T20:08:54.317679Z,2027-07-01T03:59:00Z
2026-09-26 06:00,EDT,2026-09-26T10:00:00Z,2026-09-26T09:59:16Z,44,478277,nba-2027-champion,NBA: 2027 Champion,2243318,0x1bfd4649a214dd42da39ec04648a9ce698df744744c421656ef8f3a1bac6ec36,will-minnesota-timberwolves-win-the-2027-nba-finals,Will Minnesota Timberwolves win the 2027 NBA Finals?,Minnesota Timberwolves,70393266426571575127884261634092459667577738304718921911204715531748407428131,ok,0.052,2026-05-13T20:10:14.137471Z,2027-07-01T03:59:00Z
2026-09-26 06:00,EDT,2026-09-26T10:00:00Z,2026-09-26T09:59:16Z,44,478277,nba-2027-champion,NBA: 2027 Champion,2243319,0x222084d0539e55927b8f2b22735017daecaa996b63645886caba07513061fc16,will-new-orleans-pelicans-win-the-2027-nba-finals,Will New Orleans Pelicans win the 2027 NBA Finals?,New Orleans Pelicans,38556205473470072936293737937663401559968429300207925799805811020804034073896,ok,0.0015,2026-05-13T20:10:14.924688Z,2027-07-01T03:59:00Z
2026-09-26 06:00,EDT,2026-09-26T10:00:00Z,2026-09-26T09:59:17Z,43,478277,nba-2027-champion,NBA: 2027 Champion,2243306,0x9627e2834d3334df13c14242f6ea442317d9981d3a5e62d0248d832551ca9345,will-new-york-knicks-win-the-2027-nba-finals,Will New York Knicks win the 2027 NBA Finals?,New York Knicks,96579693508177199966070611400410853026298967531032544674689952043367008918098,ok,0.115,2026-05-13T20:08:56.321362Z,2027-07-01T03:59:00Z
2026-09-26 06:00,EDT,2026-09-26T10:00:00Z,2026-09-26T09:59:15Z,45,478277,nba-2027-champion,NBA: 2027 Champion,2243320,0x422b44717de3606ba08c2e00503d29e8330583b00b0bed63f89772b9c384e41f,will-oklahoma-city-thunder-win-the-2027-nba-finals,Will Oklahoma City Thunder win the 2027 NBA Finals?,Oklahoma City Thunder,75380520575699614146969771004200063966336258265950378178665003767694841394115,ok,0.205,2026-05-13T20:10:14.392389Z,2027-07-01T03:59:00Z
2026-09-26 06:00,EDT,2026-09-26T10:00:00Z,2026-09-26T09:59:16Z,44,478277,nba-2027-champion,NBA: 2027 Champion,2243307,0xfbb36055840f0151f5d161f6c5cb90ff34641404c7dedf93605b53b7c0ffdd90,will-orlando-magic-win-the-2027-nba-finals,Will Orlando Magic win the 2027 NBA Finals?,Orlando Magic,14149364091939747141050835064176645591010128057901149232938423620327933135956,ok,0.0075,2026-05-13T20:08:59.29946Z,2027-07-01T03:59:00Z
2026-09-26 06:00,EDT,2026-09-26T10:00:00Z,,,478277,nba-2027-champion,NBA: 2027 Champion,2243331,0x7f027cccd315f6e51ed16f5905ce89aa83434db204c59efc3a6a3f0c6ea4d223,will-another-team-win-the-2027-nba-finals,Will another team win the 2027 NBA Finals?,Other,96905804729204307857039566437829689047431093694063848840730419245151280567854,no_history,,2026-05-13T20:11:26.936138Z,2027-07-01T00:00:00Z
2026-09-26 06:00,EDT,2026-09-26T10:00:00Z,2026-09-26T09:59:14Z,46,478277,nba-2027-champion,NBA: 2027 Champion,2243308,0xf44cf137562b90cf6205e0b81a03aa63001c491e4d8f04c0098bfb9233f9d04f,will-philadelphia-76ers-win-the-2027-nba-finals,Will Philadelphia 76ers win the 2027 NBA Finals?,Philadelphia 76ers,111481751847805384192597309215435329884811365994609357629578026422941929496916,ok,0.1105,2026-05-13T20:09:03.036704Z,2027-07-01T03:59:00Z
2026-09-26 06:00,EDT,2026-09-26T10:00:00Z,2026-09-26T09:59:14Z,46,478277,nba-2027-champion,NBA: 2027 Champion,2243321,0xbb5e8de7db7c5808440ac378f04b7e313e594d5dbbdbfda8a00fce597045cf8c,will-phoenix-suns-win-the-2027-nba-finals,Will Phoenix Suns win the 2027 NBA Finals?,Phoenix Suns,56511509919728347181497845289403940666044398339205720854450061222431419409255,ok,0.0065,2026-05-13T20:10:16.91773Z,2027-07-01T03:59:00Z
2026-09-26 06:00,EDT,2026-09-26T10:00:00Z,2026-09-26T09:59:17Z,43,478277,nba-2027-champion,NBA: 2027 Champion,2243322,0x92375f81cea40a342e5b0e5a1d05c69355678b90f7e8a8a6a6a4eaa43a3463fc,will-portland-trail-blazers-win-the-2027-nba-finals,Will Portland Trail Blazers win the 2027 NBA Finals?,Portland Trail Blazers,79620428735680913350265023427447805792163805641954526434518305561708056954117,ok,0.007,2026-05-13T20:10:18.911834Z,2027-07-01T03:59:00Z
2026-09-26 06:00,EDT,2026-09-26T10:00:00Z,2026-09-26T09:59:16Z,44,478277,nba-2027-champion,NBA: 2027 Champion,2243323,0xc7b646d598e6e860a939b865056d91f27666f0d7b642b893d62016b32ea3881b,will-sacramento-kings-win-the-2027-nba-finals,Will Sacramento Kings win the 2027 NBA Finals?,Sacramento Kings,57732863988930661516951373762180729621826532679525881570777417952859748544005,ok,0.0015,2026-05-13T20:10:20.637523Z,2027-07-01T03:59:00Z
2026-09-26 06:00,EDT,2026-09-26T10:00:00Z,2026-09-26T09:59:15Z,45,478277,nba-2027-champion,NBA: 2027 Champion,2243324,0x9b9c693020bd625462107ea7963bacfefe73e678dd0e001c2d11388395a3cc2e,will-san-antonio-spurs-win-the-2027-nba-finals,Will San Antonio Spurs win the 2027 NBA Finals?,San Antonio Spurs,47942880964158617614279118228047750547985543191564455484169740327839925876869,ok,0.205,2026-05-13T20:10:46.637808Z,2027-07-01T03:59:00Z
2026-09-26 06:00,EDT,2026-09-26T10:00:00Z,,,478277,nba-2027-champion,NBA: 2027 Champion,2243326,0x83a779e222703c075078e319b817a3616b5537eb4fb6f95477c963c1ec3f031f,will-team-a-win-the-2027-nba-finals,Will Team A win the 2027 NBA Finals?,Team A,59702247826652823260923802813120559329736791231783765130759576354041169324778,no_history,,2026-05-13T20:10:51.914884Z,2027-07-01T00:00:00Z
2026-09-26 06:00,EDT,2026-09-26T10:00:00Z,,,478277,nba-2027-champion,NBA: 2027 Champion,2243327,0x691857d9d733dceb2d6a40f952ef5e79416dc0511e821c120ea0e76eb921712a,will-team-b-win-the-2027-nba-finals,Will Team B win the 2027 NBA Finals?,Team B,17264914529516334327468310185250656001504036764521314128431023400747431341911,no_history,,2026-05-13T20:10:53.459704Z,2027-07-01T00:00:00Z
2026-09-26 06:00,EDT,2026-09-26T10:00:00Z,,,478277,nba-2027-champion,NBA: 2027 Champion,2243328,0x2de44438d26410ae11f3fde5694a82963c3e317438bdff6c47787915ac576dd2,will-team-c-win-the-2027-nba-finals,Will Team C win the 2027 NBA Finals?,Team C,50463222947983397717020486624977886966731895311125759167955853823475465277860,no_history,,2026-05-13T20:11:02.672988Z,2027-07-01T00:00:00Z
2026-09-26 06:00,EDT,2026-09-26T10:00:00Z,,,478277,nba-2027-champion,NBA: 2027 Champion,2243329,0x3573777d512670ba538b3280dad5087703888d44f3436218b87b44dcecb40913,will-team-d-win-the-2027-nba-finals,Will Team D win the 2027 NBA Finals?,Team D,6284545206603191506201030866215726199803716538692437713978767359516974848126,no_history,,2026-05-13T20:11:04.501332Z,2027-07-01T00:00:00Z
2026-09-26 06:00,EDT,2026-09-26T10:00:00Z,,,478277,nba-2027-champion,NBA: 2027 Champion,2243330,0x02d67dabac7340719c8af6f13f7e9e3030b3d5186b165965c585cd26d8bb57ce,will-team-e-win-the-2027-nba-finals,Will Team E win the 2027 NBA Finals?,Team E,99112749741190483471525084941436029185016980061666365528794343135098242493946,no_history,,2026-05-13T20:11:05.526023Z,2027-07-01T00:00:00Z
2026-09-26 06:00,EDT,2026-09-26T10:00:00Z,2026-09-26T09:59:16Z,44,478277,nba-2027-champion,NBA: 2027 Champion,2243309,0xc15f6268265697ce7c8c25ace5f1105a5f839a627a2dc658a1ab6f8ec2143894,will-toronto-raptors-win-the-2027-nba-finals,Will Toronto Raptors win the 2027 NBA Finals?,Toronto Raptors,60150478766427655464939988524322736170735963119451703309436561797949171579582,ok,0.0285,2026-05-13T20:09:29.267206Z,2027-07-01T03:59:00Z
2026-09-26 06:00,EDT,2026-09-26T10:00:00Z,2026-09-26T09:59:17Z,43,478277,nba-2027-champion,NBA: 2027 Champion,2243325,0x161f014d5eb25c2c233cdddd4ca6a82ce92b8ddebe520943e2a410d6fc3d8e7c,will-utah-jazz-win-the-2027-nba-finals,Will Utah Jazz win the 2027 NBA Finals?,Utah Jazz,54923277874826862014634962138109909033857317405603301955984300475658750663515,ok,0.0075,2026-05-13T20:10:51.655513Z,2027-07-01T03:59:00Z
2026-09-26 06:00,EDT,2026-09-26T10:00:00Z,2026-09-26T09:59:15Z,45,478277,nba-2027-champion,NBA: 2027 Champion,2243310,0x1f1a45e9596ebd01b786b964e63ba31ffbb0e875f3f27e32fadeee745084623d,will-washington-wizards-win-the-2027-nba-finals,Will Washington Wizards win the 2027 NBA Finals?,Washington Wizards,18698383041475028586441882955848696846459130548949943300472083017789362131208,ok,0.006,2026-05-13T20:09:32.285216Z,2027-07-01T03:59:00Z
2026-09-26 06:00,EDT,2026-09-26T10:00:00Z,2026-09-26T09:59:15Z,45,634482,nba-2027-eastern-conference-champion-20260624155838911,NBA: 2027 Eastern Conference Champion,2685360,0x7e4953bde82b3b36762ad94854195c5b8db36ca09133aa334590510f3ff18433,will-the-atlanta-hawks-be-the-2027-nba-eastern-conference-champion-20260624155839414,Will the Atlanta Hawks be the 2027 NBA Eastern Conference Champion?,Atlanta Hawks,68824458238773392891330838012511132405810199412088972844832801204363943959073,ok,0.0185,2026-06-25T21:20:20.388346Z,2027-07-01T03:59:00Z
2026-09-26 06:00,EDT,2026-09-26T10:00:00Z,2026-09-26T09:59:17Z,43,634482,nba-2027-eastern-conference-champion-20260624155838911,NBA: 2027 Eastern Conference Champion,2685350,0xe15690e86a2a15dfd415d67fceec6b3b5b7a786c305f677299431f0399280c31,will-the-boston-celtics-be-the-2027-nba-eastern-conference-champion-20260624155839404,Will the Boston Celtics be the 2027 NBA Eastern Conference Champion?,Boston Celtics,65151156878271525393359209531254473031940473164362465976312270799870862394020,ok,0.125,2026-06-25T21:18:19.023036Z,2027-07-01T03:59:00Z
2026-09-26 06:00,EDT,2026-09-26T10:00:00Z,2026-09-26T09:59:14Z,46,634482,nba-2027-eastern-conference-champion-20260624155838911,NBA: 2027 Eastern Conference Champion,2685351,0x1c08c29e37aa74b3dce4d44b8286c79783d31a946c08e25cce6475ba26395818,will-the-brooklyn-nets-be-the-2027-nba-eastern-conference-champion-20260624155839405,Will the Brooklyn Nets be the 2027 NBA Eastern Conference Champion?,Brooklyn Nets,83019753127079458392600309488528896196550624150340528164239412067545443295335,ok,0.0015,2026-06-25T21:18:25.973955Z,2027-07-01T03:59:00Z
2026-09-26 06:00,EDT,2026-09-26T10:00:00Z,2026-09-26T09:59:17Z,43,634482,nba-2027-eastern-conference-champion-20260624155838911,NBA: 2027 Eastern Conference Champion,2685361,0x4683cf4a89bb796244b1306acd30d4ca688358ac58a945a25314e4cf2bccc8d3,will-the-charlotte-hornets-be-the-2027-nba-eastern-conference-champion-20260624155839415,Will the Charlotte Hornets be the 2027 NBA Eastern Conference Champion?,Charlotte Hornets,45625563156617341207372801688718040973243315887894806199968096890043135461716,ok,0.0135,2026-06-25T21:19:13.523304Z,2027-07-01T03:59:00Z
2026-09-26 06:00,EDT,2026-09-26T10:00:00Z,2026-09-26T09:59:17Z,43,634482,nba-2027-eastern-conference-champion-20260624155838911,NBA: 2027 Eastern Conference Champion,2685355,0x0ae076487a8251d0214a05a5407ba40300dab461a1f890e18c59b0effa796bb0,will-the-chicago-bulls-be-the-2027-nba-eastern-conference-champion-20260624155839409,Will the Chicago Bulls be the 2027 NBA Eastern Conference Champion?,Chicago Bulls,78171714489407721469913385143215139655274577202402702698926725493762103262590,ok,0.0075,2026-06-25T21:19:22.739639Z,2027-07-01T03:59:00Z
2026-09-26 06:00,EDT,2026-09-26T10:00:00Z,2026-09-26T09:59:17Z,43,634482,nba-2027-eastern-conference-champion-20260624155838911,NBA: 2027 Eastern Conference Champion,2685356,0x148722c4986ad79685259479504118c6d7ca028192a49bccd2d709b449b36ddc,will-the-cleveland-cavaliers-be-the-2027-nba-eastern-conference-champion-20260624155839410,Will the Cleveland Cavaliers be the 2027 NBA Eastern Conference Champion?,Cleveland Cavaliers,114615238868363869757858061962015087944149639194300292463157473021630217494454,ok,0.0715,2026-06-25T21:18:44.33059Z,2027-07-01T03:59:00Z
2026-09-26 06:00,EDT,2026-09-26T10:00:00Z,2026-09-26T09:59:14Z,46,634482,nba-2027-eastern-conference-champion-20260624155838911,NBA: 2027 Eastern Conference Champion,2685357,0xa60f9d97dfe6b944b775095bda1d0884347ac6a8cacaf51a7463517e10882c4e,will-the-detroit-pistons-be-the-2027-nba-eastern-conference-champion-20260624155839411,Will the Detroit Pistons be the 2027 NBA Eastern Conference Champion?,Detroit Pistons,37190925500734133591372125086662484747858448008017000085004977132457389667033,ok,0.075,2026-06-25T21:19:44.465965Z,2027-07-01T03:59:00Z
2026-09-26 06:00,EDT,2026-09-26T10:00:00Z,2026-09-26T09:59:15Z,45,634482,nba-2027-eastern-conference-champion-20260624155838911,NBA: 2027 Eastern Conference Champion,2685358,0x3e89410f3bb09b24fbd14dc9f03476e3362064bc9bb69b5ced7229a098e81e89,will-the-indiana-pacers-be-the-2027-nba-eastern-conference-champion-20260624155839412,Will the Indiana Pacers be the 2027 NBA Eastern Conference Champion?,Indiana Pacers,36346695794265981654188936988326285775711405185737844971646237621249657055073,ok,0.0405,2026-06-25T21:19:01.353337Z,2027-07-01T03:59:00Z
2026-09-26 06:00,EDT,2026-09-26T10:00:00Z,2026-09-26T09:59:16Z,44,634482,nba-2027-eastern-conference-champion-20260624155838911,NBA: 2027 Eastern Conference Champion,2685362,0x3062e02ffd10e136cd8ce2c7d991b65ffb8c53e1c401a9606975284112a528ba,will-the-miami-heat-be-the-2027-nba-eastern-conference-champion-20260624155839416,Will the Miami Heat be the 2027 NBA Eastern Conference Champion?,Miami Heat,77254611438549959388585484055280965388625012221602188128877570690285318233248,ok,0.1,2026-06-25T21:19:23.506086Z,2027-07-01T03:59:00Z
2026-09-26 06:00,EDT,2026-09-26T10:00:00Z,2026-09-26T09:59:15Z,45,634482,nba-2027-eastern-conference-champion-20260624155838911,NBA: 2027 Eastern Conference Champion,2685359,0x37f7754148de3087bc4ef5981e414ce17592f14948638c8d9c16bb157b8fa185,will-the-milwaukee-bucks-be-the-2027-nba-eastern-conference-champion-20260624155839413,Will the Milwaukee Bucks be the 2027 NBA Eastern Conference Champion?,Milwaukee Bucks,88556600353324250770972087451494915654260722362752465267536045434101803592217,ok,0.0065,2026-06-25T21:18:52.200693Z,2027-07-01T03:59:00Z
2026-09-26 06:00,EDT,2026-09-26T10:00:00Z,2026-09-26T09:59:18Z,42,634482,nba-2027-eastern-conference-champion-20260624155838911,NBA: 2027 Eastern Conference Champion,2685352,0xf8ec445c3d13527d2ce0a061fa46db24b5ac02b0be6af45484bde5170c356c12,will-the-new-york-knicks-be-the-2027-nba-eastern-conference-champion-20260624155839406,Will the New York Knicks be the 2027 NBA Eastern Conference Champion?,New York Knicks,59166355150177368147653574087707142738209395513991688354695396907436634214895,ok,0.195,2026-06-25T21:18:31.801673Z,2027-07-01T03:59:00Z
2026-09-26 06:00,EDT,2026-09-26T10:00:00Z,2026-09-26T09:59:17Z,43,634482,nba-2027-eastern-conference-champion-20260624155838911,NBA: 2027 Eastern Conference Champion,2685363,0x74c888904b392368636f282b3e779297250e95a84daab29bdcc054f5ea8a6b85,will-the-orlando-magic-be-the-2027-nba-eastern-conference-champion-20260624155839417,Will the Orlando Magic be the 2027 NBA Eastern Conference Champion?,Orlando Magic,51211189846711222112433941393908804550366373872703880959134302975300431772059,ok,0.0215,2026-06-25T21:19:17.566282Z,2027-07-01T03:59:00Z
2026-09-26 06:00,EDT,2026-09-26T10:00:00Z,,,634482,nba-2027-eastern-conference-champion-20260624155838911,NBA: 2027 Eastern Conference Champion,2685367,0x7cc8caf9a247eda33bd1b95b13fd1a8f2764879a05ec268adf0e5f8b506bb0e2,will-another-team-be-the-2027-nba-eastern-conference-champion-20260624155839421,Will another team be the 2027 NBA Eastern Conference Champion?,Other,5852717731348445886690069268093305081512411976978105782864739363002666516199,no_history,,2026-06-25T21:19:37.491845Z,2027-06-05T23:59:00Z
2026-09-26 06:00,EDT,2026-09-26T10:00:00Z,2026-09-26T09:59:17Z,43,634482,nba-2027-eastern-conference-champion-20260624155838911,NBA: 2027 Eastern Conference Champion,2685353,0xd07ffaf65d48bab4b429b238c0c7a0968bc47619d940521c1e5fb748d51a0975,will-the-philadelphia-76ers-be-the-2027-nba-eastern-conference-champion-20260624155839407,Will the Philadelphia 76ers be the 2027 NBA Eastern Conference Champion?,Philadelphia 76ers,28567391772496640351749636190916806356708522096441533748337855436553637748760,ok,0.2115,2026-06-25T21:19:14.568898Z,2027-07-01T03:59:00Z
2026-09-26 06:00,EDT,2026-09-26T10:00:00Z,,,634482,nba-2027-eastern-conference-champion-20260624155838911,NBA: 2027 Eastern Conference Champion,2685365,0xade89c866aedbe039af31bd420e4bdda33414cd17378c7f3630056083703c592,will-team-a-be-the-2027-nba-eastern-conference-champion-20260624155839419,Will Team A be the 2027 NBA Eastern Conference Champion?,Team A,84812160033604387538503589365585789526886436734910272749919851811790883197295,no_history,,2026-06-25T21:19:34.446331Z,2027-06-05T23:59:00Z
2026-09-26 06:00,EDT,2026-09-26T10:00:00Z,,,634482,nba-2027-eastern-conference-champion-20260624155838911,NBA: 2027 Eastern Conference Champion,2685366,0xeb6dfe025e6bfba3ea1717d3058074f874e1a9d94362cf70b21e1314ca6dcb45,will-team-b-be-the-2027-nba-eastern-conference-champion-20260624155839420,Will Team B be the 2027 NBA Eastern Conference Champion?,Team B,35791951836644703402531626734024703836463107607699694775270330689658835440405,no_history,,2026-06-25T21:20:05.640674Z,2027-06-05T23:59:00Z
2026-09-26 06:00,EDT,2026-09-26T10:00:00Z,2026-09-26T09:59:15Z,45,634482,nba-2027-eastern-conference-champion-20260624155838911,NBA: 2027 Eastern Conference Champion,2685354,0x22ea3fd30de6c69765adb943d520806de3fa6dda1d61b682ec1a591b73e6b1f2,will-the-toronto-raptors-be-the-2027-nba-eastern-conference-champion-20260624155839408,Will the Toronto Raptors be the 2027 NBA Eastern Conference Champion?,Toronto Raptors,98223936444785477473549793721321170123502714822296619623849670406275685270064,ok,0.075,2026-06-25T21:19:20.432745Z,2027-07-01T03:59:00Z
2026-09-26 06:00,EDT,2026-09-26T10:00:00Z,2026-09-26T09:59:15Z,45,634482,nba-2027-eastern-conference-champion-20260624155838911,NBA: 2027 Eastern Conference Champion,2685364,0x87f6fb26406d3140a942bcd9fffa0a992fafbcee2bfce965179ada8cd1bb2551,will-the-washington-wizards-be-the-2027-nba-eastern-conference-champion-20260624155839418,Will the Washington Wizards be the 2027 NBA Eastern Conference Champion?,Washington Wizards,34893986188648073041133864611976687929079969140376663840413986687667368982,ok,0.0275,2026-06-25T21:19:50.522028Z,2027-07-01T03:59:00Z
2026-09-26 06:00,EDT,2026-09-26T10:00:00Z,2026-09-26T09:59:14Z,46,630022,nba-2027-western-conference-champion-20260624160106318,NBA: 2027 Western Conference Champion,2668739,0x8cf8b52d53f932204f6e8ce87480a699df1b0853975c0530fe43aa4886d2b69b,will-the-dallas-mavericks-be-the-2027-nba-western-conference-champion-20260624160106903,Will the Dallas Mavericks be the 2027 NBA Western Conference Champion?,Dallas Mavericks,32611296283301013813575438569238582847917635189230183477170165026314277195756,ok,0.0105,2026-06-24T16:21:41.582924Z,2027-07-01T03:59:00Z
2026-09-26 06:00,EDT,2026-09-26T10:00:00Z,2026-09-26T09:59:16Z,44,630022,nba-2027-western-conference-champion-20260624160106318,NBA: 2027 Western Conference Champion,2668729,0x3ab7c1190e10d15d5bf0c966cd96f894f6b449f535d1c9bb3c211385a1081501,will-the-denver-nuggets-be-the-2027-nba-western-conference-champion-20260624160106893,Will the Denver Nuggets be the 2027 NBA Western Conference Champion?,Denver Nuggets,34521867666535940962056201117952879886643843240777529421186117753174343306396,ok,0.065,2026-06-24T16:27:07.191085Z,2027-07-01T03:59:00Z
2026-09-26 06:00,EDT,2026-09-26T10:00:00Z,2026-09-26T09:59:18Z,42,630022,nba-2027-western-conference-champion-20260624160106318,NBA: 2027 Western Conference Champion,2668734,0x62b7ec0d7fad5e675c0d9911c8920cef24b82ded3cedf4a81300e38ef1b91cb5,will-the-golden-state-warriors-be-the-2027-nba-western-conference-champion-20260624160106898,Will the Golden State Warriors be the 2027 NBA Western Conference Champion?,Golden State Warriors,91737441177744176348414929215477132246907559499676953634344156029308121783669,ok,0.038,2026-06-24T16:15:57.382237Z,2027-07-01T03:59:00Z
2026-09-26 06:00,EDT,2026-09-26T10:00:00Z,2026-09-26T09:59:17Z,43,630022,nba-2027-western-conference-champion-20260624160106318,NBA: 2027 Western Conference Champion,2668740,0x8ca41dc1e12d74c520fdc2733978a84a22936358d50cdaa3ba4a050b8cb49fa3,will-the-houston-rockets-be-the-2027-nba-western-conference-champion-20260624160106904,Will the Houston Rockets be the 2027 NBA Western Conference Champion?,Houston Rockets,41363143089910509146682848862027304695920847024785094713179568613601273906449,ok,0.0245,2026-06-24T16:13:29.324403Z,2027-07-01T03:59:00Z
2026-09-26 06:00,EDT,2026-09-26T10:00:00Z,2026-09-26T09:59:17Z,43,630022,nba-2027-western-conference-champion-20260624160106318,NBA: 2027 Western Conference Champion,2668735,0xc80d41cb51a531d41468753400ed620e1686e083e85ee25f6b2f63161076a02d,will-the-la-clippers-be-the-2027-nba-western-conference-champion-20260624160106899,Will the LA Clippers be the 2027 NBA Western Conference Champion?,LA Clippers,6452013377301938724455335166848589600554864068328094387149147514226850853230,ok,0.0045,2026-06-24T16:13:07.918024Z,2027-07-01T03:59:00Z
2026-09-26 06:00,EDT,2026-09-26T10:00:00Z,2026-09-26T09:59:18Z,42,630022,nba-2027-western-conference-champion-20260624160106318,NBA: 2027 Western Conference Champion,2668736,0x4e6edf10c14fc779bd5664b82fd8cd25d6928444d012bbbd39fe33676c706b4b,will-the-los-angeles-lakers-be-the-2027-nba-western-conference-champion-20260624160106900,Will the Los Angeles Lakers be the 2027 NBA Western Conference Champion?,Los Angeles Lakers,84283791074138739435667731892617781231016702609229896382873463993947462283860,ok,0.065,2026-06-24T16:17:39.731767Z,2027-07-01T03:59:00Z
2026-09-26 06:00,EDT,2026-09-26T10:00:00Z,2026-09-26T09:59:14Z,46,630022,nba-2027-western-conference-champion-20260624160106318,NBA: 2027 Western Conference Champion,2668741,0xee6ad431d728ef7b5a190d8838615753cc2c9585f8dc7512033b8e8fa390bf65,will-the-memphis-grizzlies-be-the-2027-nba-western-conference-champion-20260624160106905,Will the Memphis Grizzlies be the 2027 NBA Western Conference Champion?,Memphis Grizzlies,24677794401640134574451211380875299625536279970194410103211888642205376915183,ok,0.0035,2026-06-24T16:17:33.89063Z,2027-07-01T03:59:00Z
2026-09-26 06:00,EDT,2026-09-26T10:00:00Z,2026-09-26T09:59:16Z,44,630022,nba-2027-western-conference-champion-20260624160106318,NBA: 2027 Western Conference Champion,2668730,0x8949e079b03da45761206b67a36b8568b2f5704f9a9413405a5942180484192d,will-the-minnesota-timberwolves-be-the-2027-nba-western-conference-champion-20260624160106894,Will the Minnesota Timberwolves be the 2027 NBA Western Conference Champion?,Minnesota Timberwolves,2064057951195650991846566694706256084910477853719169856063724374885495362912,ok,0.085,2026-06-24T16:17:01.621323Z,2027-07-01T03:59:00Z
2026-09-26 06:00,EDT,2026-09-26T10:00:00Z,2026-09-26T09:59:14Z,46,630022,nba-2027-western-conference-champion-20260624160106318,NBA: 2027 Western Conference Champion,2668742,0x49ccd65befbf0036385923c32847c419b77bfb6f249533fcd0db09056cd68556,will-the-new-orleans-pelicans-be-the-2027-nba-western-conference-champion-20260624160106906,Will the New Orleans Pelicans be the 2027 NBA Western Conference Champion?,New Orleans Pelicans,70937779527404545461888977998185974957033992357213508918694837061527337268436,ok,0.0065,2026-06-24T16:22:56.239196Z,2027-07-01T03:59:00Z
2026-09-26 06:00,EDT,2026-09-26T10:00:00Z,2026-09-26T09:59:15Z,45,630022,nba-2027-western-conference-champion-20260624160106318,NBA: 2027 Western Conference Champion,2668731,0x4f608b730e069ca6e594773bc9af86304523737263a85376bb29da9115b41459,will-the-oklahoma-city-thunder-be-the-2027-nba-western-conference-champion-20260624160106895,Will the Oklahoma City Thunder be the 2027 NBA Western Conference Champion?,Oklahoma City Thunder,115316238635919931406930709880032745257848005608498550698464796135072238626100,ok,0.345,2026-06-24T16:15:38.131883Z,2027-07-01T03:59:00Z
2026-09-26 06:00,EDT,2026-09-26T10:00:00Z,,,630022,nba-2027-western-conference-champion-20260624160106318,NBA: 2027 Western Conference Champion,2668746,0x95651ceac692f5e0aa2fd77e71a2cb44799d18c367c7696a8564f7e3da97b69a,will-another-team-be-the-2027-nba-western-conference-champion-20260624160106910,Will another team be the 2027 NBA Western Conference Champion?,Other,44029000324860444169921042687816537967432743169879337035327938791009168170271,no_history,,2026-06-24T16:22:27.762737Z,
2026-09-26 06:00,EDT,2026-09-26T10:00:00Z,2026-09-26T09:59:17Z,43,630022,nba-2027-western-conference-champion-20260624160106318,NBA: 2027 Western Conference Champion,2668737,0x14ae7de3ccafbc4e9bc52b63b791e342df1c41ed882806a98f45393474d0900a,will-the-phoenix-suns-be-the-2027-nba-western-conference-champion-20260624160106901,Will the Phoenix Suns be the 2027 NBA Western Conference Champion?,Phoenix Suns,80009160797196535225322290256583024349054514351644137391024309638080041919218,ok,0.0075,2026-06-24T16:20:47.619808Z,2027-07-01T03:59:00Z
2026-09-26 06:00,EDT,2026-09-26T10:00:00Z,2026-09-26T09:59:17Z,43,630022,nba-2027-western-conference-champion-20260624160106318,NBA: 2027 Western Conference Champion,2668732,0xe57288de8f41986e9053e7a774d016b7e2d4120b4202e7534c9e50d8ceb9ac14,will-the-portland-trail-blazers-be-the-2027-nba-western-conference-champion-20260624160106896,Will the Portland Trail Blazers be the 2027 NBA Western Conference Champion?,Portland Trail Blazers,108240340279931073193890763957904188652763143507725763123622904427095320270810,ok,0.017,2026-06-24T16:23:32.729391Z,2027-07-01T03:59:00Z
2026-09-26 06:00,EDT,2026-09-26T10:00:00Z,2026-09-26T09:59:18Z,42,630022,nba-2027-western-conference-champion-20260624160106318,NBA: 2027 Western Conference Champion,2668738,0x17d0e1ecf4c90ce5dd9e6b1ff3adf8bedadbb088b0626bf6845329c9d40419ab,will-the-sacramento-kings-be-the-2027-nba-western-conference-champion-20260624160106902,Will the Sacramento Kings be the 2027 NBA Western Conference Champion?,Sacramento Kings,92042502087431829829975900231473917768444268188425758275058650346040420757573,ok,0.0035,2026-06-24T16:13:21.386571Z,2027-07-01T03:59:00Z
2026-09-26 06:00,EDT,2026-09-26T10:00:00Z,2026-09-26T09:59:17Z,43,630022,nba-2027-western-conference-champion-20260624160106318,NBA: 2027 Western Conference Champion,2668743,0x340f3e2fcd8bc84fe3ebe11621d68af4525ff61265e034c7026386d8a08cc87e,will-the-san-antonio-spurs-be-the-2027-nba-western-conference-champion-20260624160106907,Will the San Antonio Spurs be the 2027 NBA Western Conference Champion?,San Antonio Spurs,113980921847027892210738374720635181842061489334856513557557068272692887820610,ok,0.355,2026-06-24T16:28:11.88176Z,2027-07-01T03:59:00Z
2026-09-26 06:00,EDT,2026-09-26T10:00:00Z,,,630022,nba-2027-western-conference-champion-20260624160106318,NBA: 2027 Western Conference Champion,2668744,0x469767d6f8ebbd965b4ffa55a8d59e5ea261293b30a83562c82399a20ca5d194,will-team-a-be-the-2027-nba-western-conference-champion-20260624160106908,Will Team A be the 2027 NBA Western Conference Champion?,Team A,62302731803397279472191979850812121729951783571421287352281439985837573236865,no_history,,2026-06-24T16:16:35.887818Z,
2026-09-26 06:00,EDT,2026-09-26T10:00:00Z,,,630022,nba-2027-western-conference-champion-20260624160106318,NBA: 2027 Western Conference Champion,2668745,0xaa8f45a8b07e85a8ef3302a62c685880de9dde2753433e78f78f69a0bb9186bb,will-team-b-be-the-2027-nba-western-conference-champion-20260624160106909,Will Team B be the 2027 NBA Western Conference Champion?,Team B,93757870607271859762538654742909259797422609631812839485288696950830539595790,no_history,,2026-06-24T16:18:36.228959Z,
2026-09-26 06:00,EDT,2026-09-26T10:00:00Z,2026-09-26T09:59:14Z,46,630022,nba-2027-western-conference-champion-20260624160106318,NBA: 2027 Western Conference Champion,2668733,0x3a7d22b74d5aa8093166d640d2fdc791a7b7aa0bfacb2a75fec28787e3798986,will-the-utah-jazz-be-the-2027-nba-western-conference-champion-20260624160106897,Will the Utah Jazz be the 2027 NBA Western Conference Champion?,Utah Jazz,4194269473119790674862173998466341904624092116363140684216847386726354028970,ok,0.013,2026-06-24T16:13:53.307209Z,2027-07-01T03:59:00Z
2026-09-26 06:00,EDT,2026-09-26T10:00:00Z,2026-09-26T09:59:14Z,46,956299,nba-playoffs-team-to-advance-to-eastern-conference-finals,NBA Playoffs: Team to advance to Eastern Conference Finals,4175461,0x77c7c2d6f83fea829828dbe247b0db0cc622f2c5cc80c13c8201f8c5e5a422c9,will-atlanta-hawks-advance-to-the-eastern-conference-finals-in-the-2027-nba-playoffs,Will Atlanta Hawks advance to the Eastern Conference Finals in the 2027 NBA Playoffs?,Atlanta Hawks,88895604096745183477148063918318994322899699380835185496026875925746160716424,ok,0.11,2026-09-02T21:53:45Z,2027-05-25T23:59:00Z
2026-09-26 06:00,EDT,2026-09-26T10:00:00Z,2026-09-26T09:59:15Z,45,956299,nba-playoffs-team-to-advance-to-eastern-conference-finals,NBA Playoffs: Team to advance to Eastern Conference Finals,4175451,0xbd0a010788f388e0b4816e546296f32092ab23e87f96613acb5a70e30bf8961f,will-boston-celtics-advance-to-the-eastern-conference-finals-in-the-2027-nba-playoffs,Will Boston Celtics advance to the Eastern Conference Finals in the 2027 NBA Playoffs?,Boston Celtics,19373196191317267182560292482396874734919556836422475186195434436610820366226,ok,0.265,2026-09-02T21:53:42Z,2027-05-25T23:59:00Z
2026-09-26 06:00,EDT,2026-09-26T10:00:00Z,2026-09-26T09:59:15Z,45,956299,nba-playoffs-team-to-advance-to-eastern-conference-finals,NBA Playoffs: Team to advance to Eastern Conference Finals,4175452,0xd0fa8c826b46227ddda85d2328e06a8e8721369352ed9d5b21f1bbf05724a3fd,will-brooklyn-nets-advance-to-the-eastern-conference-finals-in-the-2027-nba-playoffs,Will Brooklyn Nets advance to the Eastern Conference Finals in the 2027 NBA Playoffs?,Brooklyn Nets,80329629788086776132600246379372401711490696545408123246741621775961312576673,ok,0.0195,2026-09-02T21:53:41Z,2027-05-25T23:59:00Z
2026-09-26 06:00,EDT,2026-09-26T10:00:00Z,2026-09-26T09:59:18Z,42,956299,nba-playoffs-team-to-advance-to-eastern-conference-finals,NBA Playoffs: Team to advance to Eastern Conference Finals,4175462,0x21081bbdd6f14d303ea289cccec5a66f742681505e836d7db8613bca8799cb23,will-charlotte-hornets-advance-to-the-eastern-conference-finals-in-the-2027-nba-playoffs,Will Charlotte Hornets advance to the Eastern Conference Finals in the 2027 NBA Playoffs?,Charlotte Hornets,74830707752631668555016273862716892128889792890370371518732786687359312796399,ok,0.05,2026-09-02T21:53:45Z,2027-05-25T23:59:00Z
2026-09-26 06:00,EDT,2026-09-26T10:00:00Z,2026-09-26T09:59:16Z,44,956299,nba-playoffs-team-to-advance-to-eastern-conference-finals,NBA Playoffs: Team to advance to Eastern Conference Finals,4175456,0x5475b02f9d7cbaa6d60dfc67063ec13ed4ab02a1e5030fc5c83a95209e29ffac,will-chicago-bulls-advance-to-the-eastern-conference-finals-in-the-2027-nba-playoffs,Will Chicago Bulls advance to the Eastern Conference Finals in the 2027 NBA Playoffs?,Chicago Bulls,58545384795909592327565558448012877668001328019053406112083529440862870083038,ok,0.025,2026-09-02T21:53:43Z,2027-05-25T23:59:00Z
2026-09-26 06:00,EDT,2026-09-26T10:00:00Z,2026-09-26T09:59:17Z,43,956299,nba-playoffs-team-to-advance-to-eastern-conference-finals,NBA Playoffs: Team to advance to Eastern Conference Finals,4175457,0xa8e8c3f8ed4998991ffb945d84c15fde6ccf534087b907987fbfb3032dadc14b,will-cleveland-cavaliers-advance-to-the-eastern-conference-finals-in-the-2027-nba-playoffs,Will Cleveland Cavaliers advance to the Eastern Conference Finals in the 2027 NBA Playoffs?,Cleveland Cavaliers,92514280654927535472076406223882367695910367919249556665436994892044630265245,ok,0.215,2026-09-02T21:53:44Z,2027-05-25T23:59:00Z
2026-09-26 06:00,EDT,2026-09-26T10:00:00Z,2026-09-26T09:59:17Z,43,956299,nba-playoffs-team-to-advance-to-eastern-conference-finals,NBA Playoffs: Team to advance to Eastern Conference Finals,4175458,0xf8a1a8dd456232f1955d08f89f013695d0ec53aefd7dbe438c2a70346ab072f0,will-detroit-pistons-advance-to-the-eastern-conference-finals-in-the-2027-nba-playoffs,Will Detroit Pistons advance to the Eastern Conference Finals in the 2027 NBA Playoffs?,Detroit Pistons,84690592913510971808739483180704580401320593707048168502350890481512864927929,ok,0.23,2026-09-02T21:53:43Z,2027-05-25T23:59:00Z
2026-09-26 06:00,EDT,2026-09-26T10:00:00Z,2026-09-26T09:59:15Z,45,956299,nba-playoffs-team-to-advance-to-eastern-conference-finals,NBA Playoffs: Team to advance to Eastern Conference Finals,4175459,0xcd33e8156b9c24c4d5e05a1cef7a7562f271a014d486a60ecb34a568807877f3,will-indiana-pacers-advance-to-the-eastern-conference-finals-in-the-2027-nba-playoffs,Will Indiana Pacers advance to the Eastern Conference Finals in the 2027 NBA Playoffs?,Indiana Pacers,47307836787494012352540778113727642505053026420764123607875844298442613575659,ok,0.11,2026-09-02T21:53:43Z,2027-05-25T23:59:00Z
2026-09-26 06:00,EDT,2026-09-26T10:00:00Z,2026-09-26T09:59:14Z,46,956299,nba-playoffs-team-to-advance-to-eastern-conference-finals,NBA Playoffs: Team to advance to Eastern Conference Finals,4175463,0xc5f3b94b855b3f8ece0dee9dc43243b9e8b45702b00b1c8d1842e4db85873d9f,will-miami-heat-advance-to-the-eastern-conference-finals-in-the-2027-nba-playoffs,Will Miami Heat advance to the Eastern Conference Finals in the 2027 NBA Playoffs?,Miami Heat,112406252240546725260363369759639183091843811585681786752168097731816197276464,ok,0.105,2026-09-02T21:53:44Z,2027-05-25T23:59:00Z
2026-09-26 06:00,EDT,2026-09-26T10:00:00Z,2026-09-26T09:59:17Z,43,956299,nba-playoffs-team-to-advance-to-eastern-conference-finals,NBA Playoffs: Team to advance to Eastern Conference Finals,4175460,0x1096a995e49c5e3f80c4ad95a2a4f784f5b5aa1b05a0290e4dee7643998f6533,will-milwaukee-bucks-advance-to-the-eastern-conference-finals-in-the-2027-nba-playoffs,Will Milwaukee Bucks advance to the Eastern Conference Finals in the 2027 NBA Playoffs?,Milwaukee Bucks,42174798268288934172409369860385570153492597143768804203973408507489450443186,ok,0.029,2026-09-02T21:53:43Z,2027-05-25T23:59:00Z
2026-09-26 06:00,EDT,2026-09-26T10:00:00Z,2026-09-26T09:59:16Z,44,956299,nba-playoffs-team-to-advance-to-eastern-conference-finals,NBA Playoffs: Team to advance to Eastern Conference Finals,4175453,0x5eca7b71154c0f1e3f3bbb422bdfa72088b0accd526cf4473a3a4f222e2a8635,will-new-york-knicks-advance-to-the-eastern-conference-finals-in-the-2027-nba-playoffs,Will New York Knicks advance to the Eastern Conference Finals in the 2027 NBA Playoffs?,New York Knicks,41715067730408099175072285009512771216073475912578905046940523853343008113108,ok,0.35,2026-09-02T21:53:41Z,2027-05-25T23:59:00Z
2026-09-26 06:00,EDT,2026-09-26T10:00:00Z,2026-09-26T09:59:15Z,45,956299,nba-playoffs-team-to-advance-to-eastern-conference-finals,NBA Playoffs: Team to advance to Eastern Conference Finals,4175464,0x387970821bbc90bf81ce8df4e9cfe5a93b2f0da057e8381fb9494eb6d995ec6d,will-orlando-magic-advance-to-the-eastern-conference-finals-in-the-2027-nba-playoffs,Will Orlando Magic advance to the Eastern Conference Finals in the 2027 NBA Playoffs?,Orlando Magic,87870245761102787916941313926375984066000062725547288202971132196589672761955,ok,0.115,2026-09-02T21:53:44Z,2027-05-25T23:59:00Z
2026-09-26 06:00,EDT,2026-09-26T10:00:00Z,2026-09-26T09:59:15Z,45,956299,nba-playoffs-team-to-advance-to-eastern-conference-finals,NBA Playoffs: Team to advance to Eastern Conference Finals,4175454,0x14f24bc53144ed9844d8f2fc4a77c1a5f2a82e0ad9c1ec77bc52ce65bb59c5eb,will-philadelphia-76ers-advance-to-the-eastern-conference-finals-in-the-2027-nba-playoffs,Will Philadelphia 76ers advance to the Eastern Conference Finals in the 2027 NBA Playoffs?,Philadelphia 76ers,38288107086440896022432707311205454621440199097279209064565490322192578445707,ok,0.325,2026-09-02T21:53:42Z,2027-05-25T23:59:00Z
2026-09-26 06:00,EDT,2026-09-26T10:00:00Z,2026-09-26T09:59:16Z,44,956299,nba-playoffs-team-to-advance-to-eastern-conference-finals,NBA Playoffs: Team to advance to Eastern Conference Finals,4175455,0x36ff8bcccaecfb89272862c9c1179cde23b27cf8bd53803617a82462a0b1bbff,will-toronto-raptors-advance-to-the-eastern-conference-finals-in-the-2027-nba-playoffs,Will Toronto Raptors advance to the Eastern Conference Finals in the 2027 NBA Playoffs?,Toronto Raptors,109504316602255768326879209112506036926205382388795717114105225870040119029805,ok,0.205,2026-09-02T21:53:44Z,2027-05-25T23:59:00Z
2026-09-26 06:00,EDT,2026-09-26T10:00:00Z,2026-09-26T09:59:18Z,42,956299,nba-playoffs-team-to-advance-to-eastern-conference-finals,NBA Playoffs: Team to advance to Eastern Conference Finals,4175465,0xffe9d6630040f1d95155286049ba6e22a9b08ce0be205ce3ea274cccf1f93ded,will-washington-wizards-advance-to-the-eastern-conference-finals-in-the-2027-nba-playoffs,Will Washington Wizards advance to the Eastern Conference Finals in the 2027 NBA Playoffs?,Washington Wizards,82784158000027212836568404151075116125609185420360405129841546540629373962722,ok,0.028,2026-09-02T21:53:44Z,2027-05-25T23:59:00Z
2026-09-26 06:00,EDT,2026-09-26T10:00:00Z,2026-09-26T09:59:17Z,43,956297,nba-playoffs-team-to-advance-to-eastern-conference-semifinals,NBA Playoffs: Team to advance to Eastern Conference Semifinals,4175431,0x0107133f2dc73f8725b60f668c76674e747bfa3d2dbc6d011c09c0e1c0a9560d,will-atlanta-hawks-advance-to-the-eastern-conference-semifinals-in-the-2027-nba-playoffs,Will Atlanta Hawks advance to the Eastern Conference Semifinals in the 2027 NBA Playoffs?,Atlanta Hawks,102439864848009356482779679236133486973519502081142815600770226139724212808756,ok,0.245,2026-09-02T21:53:16Z,2027-05-05T23:59:00Z
2026-09-26 06:00,EDT,2026-09-26T10:00:00Z,2026-09-26T09:59:17Z,43,956297,nba-playoffs-team-to-advance-to-eastern-conference-semifinals,NBA Playoffs: Team to advance to Eastern Conference Semifinals,4175421,0x5603a18d649d192577be3f475e744f7864a0fbe62a90d6c549dbe74f2fea574a,will-boston-celtics-advance-to-the-eastern-conference-semifinals-in-the-2027-nba-playoffs,Will Boston Celtics advance to the Eastern Conference Semifinals in the 2027 NBA Playoffs?,Boston Celtics,9945713849311153127923590550659208757040534567497841623232686747294850260113,ok,0.96,2026-09-02T21:53:11Z,2027-05-05T23:59:00Z
2026-09-26 06:00,EDT,2026-09-26T10:00:00Z,2026-09-26T09:59:15Z,45,956297,nba-playoffs-team-to-advance-to-eastern-conference-semifinals,NBA Playoffs: Team to advance to Eastern Conference Semifinals,4175422,0x13a63e170db13f6d74b9ef49cb11e839de6f09272e6d940efb1f6d17ef928ea1,will-brooklyn-nets-advance-to-the-eastern-conference-semifinals-in-the-2027-nba-playoffs,Will Brooklyn Nets advance to the Eastern Conference Semifinals in the 2027 NBA Playoffs?,Brooklyn Nets,60744228169162886703136929166813611378592392986295984038897140984408085609657,ok,0.055,2026-09-02T21:53:14Z,2027-05-05T23:59:00Z
2026-09-26 06:00,EDT,2026-09-26T10:00:00Z,2026-09-26T09:59:14Z,46,956297,nba-playoffs-team-to-advance-to-eastern-conference-semifinals,NBA Playoffs: Team to advance to Eastern Conference Semifinals,4175432,0x601c9927e915610a0f512503bd6c320cb58c633d5acca0bca0c412c4888d7056,will-charlotte-hornets-advance-to-the-eastern-conference-semifinals-in-the-2027-nba-playoffs,Will Charlotte Hornets advance to the Eastern Conference Semifinals in the 2027 NBA Playoffs?,Charlotte Hornets,32171911986772572834179159189575627934702324472167550572282292027424745302966,ok,0.16,2026-09-02T21:53:16Z,2027-05-05T23:59:00Z
2026-09-26 06:00,EDT,2026-09-26T10:00:00Z,2026-09-26T09:59:15Z,45,956297,nba-playoffs-team-to-advance-to-eastern-conference-semifinals,NBA Playoffs: Team to advance to Eastern Conference Semifinals,4175426,0x9e652f5dd14e29cbe12ffac71affa522dbd29febaa8e3931b4580fe81213e885,will-chicago-bulls-advance-to-the-eastern-conference-semifinals-in-the-2027-nba-playoffs,Will Chicago Bulls advance to the Eastern Conference Semifinals in the 2027 NBA Playoffs?,Chicago Bulls,63448951743349518619083447459822606129053140042937275650810617331738428949495,ok,0.0325,2026-09-02T21:53:13Z,2027-05-05T23:59:00Z
2026-09-26 06:00,EDT,2026-09-26T10:00:00Z,2026-09-26T09:59:17Z,43,956297,nba-playoffs-team-to-advance-to-eastern-conference-semifinals,NBA Playoffs: Team to advance to Eastern Conference Semifinals,4175427,0xa5a601af6b3347949ba4c26c6ea156152e1c7df8e963e330752c8050906b197f,will-cleveland-cavaliers-advance-to-the-eastern-conference-semifinals-in-the-2027-nba-playoffs,Will Cleveland Cavaliers advance to the Eastern Conference Semifinals in the 2027 NBA Playoffs?,Cleveland Cavaliers,89855339121642450934332233808433105212001894132964594633689343070999987643483,ok,0.315,2026-09-02T21:53:15Z,2027-05-05T23:59:00Z
2026-09-26 06:00,EDT,2026-09-26T10:00:00Z,2026-09-26T09:59:16Z,44,956297,nba-playoffs-team-to-advance-to-eastern-conference-semifinals,NBA Playoffs: Team to advance to Eastern Conference Semifinals,4175428,0xd7200b0701e79c3337d30bc444e6f2c8c75f8131abf37e70866b4487a0a736ec,will-detroit-pistons-advance-to-the-eastern-conference-semifinals-in-the-2027-nba-playoffs,Will Detroit Pistons advance to the Eastern Conference Semifinals in the 2027 NBA Playoffs?,Detroit Pistons,18534763271622370674227322918267248548786689276383012072187295571740031234326,ok,0.575,2026-09-02T21:53:15Z,2027-05-05T23:59:00Z
2026-09-26 06:00,EDT,2026-09-26T10:00:00Z,2026-09-26T09:59:18Z,42,956297,nba-playoffs-team-to-advance-to-eastern-conference-semifinals,NBA Playoffs: Team to advance to Eastern Conference Semifinals,4175429,0xd47aa3379281b103debb040db11fa4606bfcb4eee2f7de7ffb2b6fefbf51fa63,will-indiana-pacers-advance-to-the-eastern-conference-semifinals-in-the-2027-nba-playoffs,Will Indiana Pacers advance to the Eastern Conference Semifinals in the 2027 NBA Playoffs?,Indiana Pacers,46152053094224650185520296799303667921632852596740338381081454908842121439854,ok,0.24,2026-09-02T21:53:16Z,2027-05-05T23:59:00Z
2026-09-26 06:00,EDT,2026-09-26T10:00:00Z,2026-09-26T09:59:16Z,44,956297,nba-playoffs-team-to-advance-to-eastern-conference-semifinals,NBA Playoffs: Team to advance to Eastern Conference Semifinals,4175433,0x034c84278b44be42aa04cb0613275e105e6ec2dcabcfb73e6ae63f0b68b54eaf,will-miami-heat-advance-to-the-eastern-conference-semifinals-in-the-2027-nba-playoffs,Will Miami Heat advance to the Eastern Conference Semifinals in the 2027 NBA Playoffs?,Miami Heat,4799042364890924236618613937682268187465699267212156180509251298356542188603,ok,0.2,2026-09-02T21:53:17Z,2027-05-05T23:59:00Z
2026-09-26 06:00,EDT,2026-09-26T10:00:00Z,2026-09-26T09:59:15Z,45,956297,nba-playoffs-team-to-advance-to-eastern-conference-semifinals,NBA Playoffs: Team to advance to Eastern Conference Semifinals,4175430,0x8cc763d2847151ba137dffa4737fb9e611ee073b6a7bf28045e9c662390bb7fa,will-milwaukee-bucks-advance-to-the-eastern-conference-semifinals-in-the-2027-nba-playoffs,Will Milwaukee Bucks advance to the Eastern Conference Semifinals in the 2027 NBA Playoffs?,Milwaukee Bucks,55715157814591288255139417868144697711776392496567480449985007516183644309330,ok,0.011,2026-09-02T21:53:16Z,2027-05-05T23:59:00Z
2026-09-26 06:00,EDT,2026-09-26T10:00:00Z,2026-09-26T09:59:16Z,44,956297,nba-playoffs-team-to-advance-to-eastern-conference-semifinals,NBA Playoffs: Team to advance to Eastern Conference Semifinals,4175423,0x5613e6ecf2bdb83a845c68ffea30f70d3415e12dbb16919b28051f5889fd1f36,will-new-york-knicks-advance-to-the-eastern-conference-semifinals-in-the-2027-nba-playoffs,Will New York Knicks advance to the Eastern Conference Semifinals in the 2027 NBA Playoffs?,New York Knicks,61517855071436113325871244359850676468698841158073960472936194477910531196544,ok,0.4,2026-09-02T21:53:13Z,2027-05-05T23:59:00Z
2026-09-26 06:00,EDT,2026-09-26T10:00:00Z,2026-09-26T09:59:17Z,43,956297,nba-playoffs-team-to-advance-to-eastern-conference-semifinals,NBA Playoffs: Team to advance to Eastern Conference Semifinals,4175434,0x49e7339ff05e718a54b0572f7aefbb849eeea9b7f25d7be5903de4cfcf64d090,will-orlando-magic-advance-to-the-eastern-conference-semifinals-in-the-2027-nba-playoffs,Will Orlando Magic advance to the Eastern Conference Semifinals in the 2027 NBA Playoffs?,Orlando Magic,61835401018816148303794466864723336859427407281458557699740182575446210482910,ok,0.24,2026-09-02T21:53:17Z,2027-05-05T23:59:00Z
2026-09-26 06:00,EDT,2026-09-26T10:00:00Z,2026-09-26T09:59:16Z,44,956297,nba-playoffs-team-to-advance-to-eastern-conference-semifinals,NBA Playoffs: Team to advance to Eastern Conference Semifinals,4175424,0x27b061230cc83184f5c3baee38e90c32c26f30c83daf26061ea8d838e7d9f800,will-philadelphia-76ers-advance-to-the-eastern-conference-semifinals-in-the-2027-nba-playoffs,Will Philadelphia 76ers advance to the Eastern Conference Semifinals in the 2027 NBA Playoffs?,Philadelphia 76ers,111387201311003507794047303858629623214161822057352665340080922599760812399958,ok,0.55,2026-09-02T21:53:13Z,2027-05-05T23:59:00Z
2026-09-26 06:00,EDT,2026-09-26T10:00:00Z,2026-09-26T09:59:14Z,46,956297,nba-playoffs-team-to-advance-to-eastern-conference-semifinals,NBA Playoffs: Team to advance to Eastern Conference Semifinals,4175425,0xae12a5282b91879c5fa45e13ffa9f7fe0145a9cd9f01763d5e1005ac60e4b68f,will-toronto-raptors-advance-to-the-eastern-conference-semifinals-in-the-2027-nba-playoffs,Will Toronto Raptors advance to the Eastern Conference Semifinals in the 2027 NBA Playoffs?,Toronto Raptors,34081198844469110976324952836084929885156443844395799103263448581994141138615,ok,0.275,2026-09-02T21:53:14Z,2027-05-05T23:59:00Z
2026-09-26 06:00,EDT,2026-09-26T10:00:00Z,2026-09-26T09:59:16Z,44,956297,nba-playoffs-team-to-advance-to-eastern-conference-semifinals,NBA Playoffs: Team to advance to Eastern Conference Semifinals,4175435,0x2d5bd859ce0eebb787fecfef39752633547b07f855d60d6b4f5bb58b65aded3c,will-washington-wizards-advance-to-the-eastern-conference-semifinals-in-the-2027-nba-playoffs,Will Washington Wizards advance to the Eastern Conference Semifinals in the 2027 NBA Playoffs?,Washington Wizards,36087611308437850116455394649301712112169796120350835799957208659097780553025,ok,0.06,2026-09-02T21:53:17Z,2027-05-05T23:59:00Z
2026-09-26 06:00,EDT,2026-09-26T10:00:00Z,2026-09-26T09:59:14Z,46,956300,nba-playoffs-team-to-advance-to-western-conference-finals,NBA Playoffs: Team to advance to Western Conference Finals,4175476,0xa136e881c9ee5dcd8b645694b5f18d54521c44b591fc9d0cb2ebb9cbef2c58be,will-dallas-mavericks-advance-to-the-western-conference-finals-in-the-2027-nba-playoffs,Will Dallas Mavericks advance to the Western Conference Finals in the 2027 NBA Playoffs?,Dallas Mavericks,107081807101141224988646171851693109805588815500832225157545815577117881531774,ok,0.026,2026-09-02T21:54:06Z,2027-05-25T23:59:00Z
2026-09-26 06:00,EDT,2026-09-26T10:00:00Z,2026-09-26T09:59:15Z,45,956300,nba-playoffs-team-to-advance-to-western-conference-finals,NBA Playoffs: Team to advance to Western Conference Finals,4175466,0xa353b194da77f1e3a6363f2fc1f13ace0ddd219c02c793a0a4a74718d86ea043,will-denver-nuggets-advance-to-the-western-conference-finals-in-the-2027-nba-playoffs,Will Denver Nuggets advance to the Western Conference Finals in the 2027 NBA Playoffs?,Denver Nuggets,35834024739041484284957268935337359257597116391210657750672691960059816661001,ok,0.155,2026-09-02T21:54:03Z,2027-05-25T23:59:00Z
2026-09-26 06:00,EDT,2026-09-26T10:00:00Z,2026-09-26T09:59:14Z,46,956300,nba-playoffs-team-to-advance-to-western-conference-finals,NBA Playoffs: Team to advance to Western Conference Finals,4175471,0xe302c6d6e16ec6b457847fd8b2a591513bbcbd4c62b09ba46bf345f30b0c5712,will-golden-state-warriors-advance-to-the-western-conference-finals-in-the-2027-nba-playoffs,Will Golden State Warriors advance to the Western Conference Finals in the 2027 NBA Playoffs?,Golden State Warriors,98624668369195178307040057945943356736471469532527802374192475453334898575353,ok,0.085,2026-09-02T21:54:03Z,2027-05-25T23:59:00Z
2026-09-26 06:00,EDT,2026-09-26T10:00:00Z,2026-09-26T09:59:15Z,45,956300,nba-playoffs-team-to-advance-to-western-conference-finals,NBA Playoffs: Team to advance to Western Conference Finals,4175477,0x86c38442a1bee5a45cec244e1523037b29696982f77b414e2971deef06211b7a,will-houston-rockets-advance-to-the-western-conference-finals-in-the-2027-nba-playoffs,Will Houston Rockets advance to the Western Conference Finals in the 2027 NBA Playoffs?,Houston Rockets,103971974105256762686229001007471561269037437759472770826954475160040489446855,ok,0.125,2026-09-02T21:54:06Z,2027-05-25T23:59:00Z
2026-09-26 06:00,EDT,2026-09-26T10:00:00Z,2026-09-26T09:59:17Z,43,956300,nba-playoffs-team-to-advance-to-western-conference-finals,NBA Playoffs: Team to advance to Western Conference Finals,4175472,0xeee0ecaf6fd10f123b92c7491dc8a19023e5a7cc9e13579fa178c8116fad7695,will-la-clippers-advance-to-the-western-conference-finals-in-the-2027-nba-playoffs,Will LA Clippers advance to the Western Conference Finals in the 2027 NBA Playoffs?,LA Clippers,47980835487528054370466302198362506608166307148189002079472614241472774720213,ok,0.034,2026-09-02T21:54:04Z,2027-05-25T23:59:00Z
2026-09-26 06:00,EDT,2026-09-26T10:00:00Z,2026-09-26T09:59:17Z,43,956300,nba-playoffs-team-to-advance-to-western-conference-finals,NBA Playoffs: Team to advance to Western Conference Finals,4175473,0xc6698eb6e02f5c0e448bedee2e048c66ccbea27ce149fcb7af687760d3d1f938,will-los-angeles-lakers-advance-to-the-western-conference-finals-in-the-2027-nba-playoffs,Will Los Angeles Lakers advance to the Western Conference Finals in the 2027 NBA Playoffs?,Los Angeles Lakers,18304060797412752471097935239355326750301446678378207634831484755385732503487,ok,0.12,2026-09-02T21:54:06Z,2027-05-25T23:59:00Z
2026-09-26 06:00,EDT,2026-09-26T10:00:00Z,2026-09-26T09:59:16Z,44,956300,nba-playoffs-team-to-advance-to-western-conference-finals,NBA Playoffs: Team to advance to Western Conference Finals,4175478,0xe723fd7584ffa38461aa95c43aed47076d22044cf422acc246c43e3e885c9a27,will-memphis-grizzlies-advance-to-the-western-conference-finals-in-the-2027-nba-playoffs,Will Memphis Grizzlies advance to the Western Conference Finals in the 2027 NBA Playoffs?,Memphis Grizzlies,75524175574120091397441236576066770089309393371730947523840141471310030499150,ok,0.0105,2026-09-02T21:54:05Z,2027-05-25T23:59:00Z
2026-09-26 06:00,EDT,2026-09-26T10:00:00Z,2026-09-26T09:59:18Z,42,956300,nba-playoffs-team-to-advance-to-western-conference-finals,NBA Playoffs: Team to advance to Western Conference Finals,4175467,0xa9d59411383a7961e19cfdff4087dd02a27dc649a82a89edb1f52a176b7c4762,will-minnesota-timberwolves-advance-to-the-western-conference-finals-in-the-2027-nba-playoffs,Will Minnesota Timberwolves advance to the Western Conference Finals in the 2027 NBA Playoffs?,Minnesota Timberwolves,43386905350790265588111452066399512407044119395624646082921633232757886949780,ok,0.15,2026-09-02T21:54:03Z,2027-05-25T23:59:00Z
2026-09-26 06:00,EDT,2026-09-26T10:00:00Z,2026-09-26T09:59:18Z,42,956300,nba-playoffs-team-to-advance-to-western-conference-finals,NBA Playoffs: Team to advance to Western Conference Finals,4175479,0xd8b45e26f7efe1f6639f990b0a9117e7cfb37ba0d1cd67abd26e4649583e117e,will-new-orleans-pelicans-advance-to-the-western-conference-finals-in-the-2027-nba-playoffs,Will New Orleans Pelicans advance to the Western Conference Finals in the 2027 NBA Playoffs?,New Orleans Pelicans,34516381252628540618252182291388084945127131046191128090258997416320683247193,ok,0.062,2026-09-02T21:54:07Z,2027-05-25T23:59:00Z
2026-09-26 06:00,EDT,2026-09-26T10:00:00Z,2026-09-26T09:59:15Z,45,956300,nba-playoffs-team-to-advance-to-western-conference-finals,NBA Playoffs: Team to advance to Western Conference Finals,4175468,0xa6f1ebb99454a6eeced1738019b3a79a8c285460c047b294bcccaada6861b396,will-oklahoma-city-thunder-advance-to-the-western-conference-finals-in-the-2027-nba-playoffs,Will Oklahoma City Thunder advance to the Western Conference Finals in the 2027 NBA Playoffs?,Oklahoma City Thunder,29815869211305214820512624086256093110321649176445970071728385740566078938876,ok,0.685,2026-09-02T21:54:04Z,2027-05-25T23:59:00Z
2026-09-26 06:00,EDT,2026-09-26T10:00:00Z,2026-09-26T09:59:17Z,43,956300,nba-playoffs-team-to-advance-to-western-conference-finals,NBA Playoffs: Team to advance to Western Conference Finals,4175474,0x470baef76c3df1200943ee805ac1edbb1f1779130a5615894db5207dfca707cf,will-phoenix-suns-advance-to-the-western-conference-finals-in-the-2027-nba-playoffs,Will Phoenix Suns advance to the Western Conference Finals in the 2027 NBA Playoffs?,Phoenix Suns,10982059619238030046160559351368857749149022688857639516267251419050063925455,ok,0.0205,2026-09-02T21:54:06Z,2027-05-25T23:59:00Z
2026-09-26 06:00,EDT,2026-09-26T10:00:00Z,2026-09-26T09:59:15Z,45,956300,nba-playoffs-team-to-advance-to-western-conference-finals,NBA Playoffs: Team to advance to Western Conference Finals,4175469,0xaa4d1164631bff49bcc2452f31bd8c224f275e8bd95a79bd36b447ce4a53d40d,will-portland-trail-blazers-advance-to-the-western-conference-finals-in-the-2027-nba-playoffs,Will Portland Trail Blazers advance to the Western Conference Finals in the 2027 NBA Playoffs?,Portland Trail Blazers,101697469153992628169182071769730102073657764364152741906338913141738494435069,ok,0.0475,2026-09-02T21:54:04Z,2027-05-25T23:59:00Z
2026-09-26 06:00,EDT,2026-09-26T10:00:00Z,2026-09-26T09:59:16Z,44,956300,nba-playoffs-team-to-advance-to-western-conference-finals,NBA Playoffs: Team to advance to Western Conference Finals,4175475,0x4d19cfb8fd7202157e004e7695a163f6c5dfc004fc673687cec0dbd895876e92,will-sacramento-kings-advance-to-the-western-conference-finals-in-the-2027-nba-playoffs,Will Sacramento Kings advance to the Western Conference Finals in the 2027 NBA Playoffs?,Sacramento Kings,10319131228357777933304984218141752769223616165667493883156198368791466881137,ok,0.0265,2026-09-02T21:54:05Z,2027-05-25T23:59:00Z
2026-09-26 06:00,EDT,2026-09-26T10:00:00Z,2026-09-26T09:59:16Z,44,956300,nba-playoffs-team-to-advance-to-western-conference-finals,NBA Playoffs: Team to advance to Western Conference Finals,4175480,0x68254426875ecdc2487cea6d40d2e1e74019a34146c37bccb5239a2a43e428ae,will-san-antonio-spurs-advance-to-the-western-conference-finals-in-the-2027-nba-playoffs,Will San Antonio Spurs advance to the Western Conference Finals in the 2027 NBA Playoffs?,San Antonio Spurs,459840195049473747414465503342711553460960511111938312228622085234859392183,ok,0.645,2026-09-02T21:54:07Z,2027-05-25T23:59:00Z
2026-09-26 06:00,EDT,2026-09-26T10:00:00Z,2026-09-26T09:59:15Z,45,956300,nba-playoffs-team-to-advance-to-western-conference-finals,NBA Playoffs: Team to advance to Western Conference Finals,4175470,0xe559f0b438640bd85ba70b16d791e95b46ba06f6e22929da87f0baf61323b92d,will-utah-jazz-advance-to-the-western-conference-finals-in-the-2027-nba-playoffs,Will Utah Jazz advance to the Western Conference Finals in the 2027 NBA Playoffs?,Utah Jazz,61837546097568012368685893949726626403670886816558309245198107565944124227126,ok,0.1245,2026-09-02T21:54:04Z,2027-05-25T23:59:00Z
2026-09-26 06:00,EDT,2026-09-26T10:00:00Z,2026-09-26T09:59:15Z,45,956298,nba-playoffs-team-to-advance-to-western-conference-semifinals,NBA Playoffs: Team to advance to Western Conference Semifinals,4175446,0xc621046c9fe66a9db2fdfbdc344bb8789bced4139a0734d662b1ed3c33fd3276,will-dallas-mavericks-advance-to-the-western-conference-semifinals-in-the-2027-nba-playoffs,Will Dallas Mavericks advance to the Western Conference Semifinals in the 2027 NBA Playoffs?,Dallas Mavericks,85836920423835445481643588191928910726029120405605366804166216332803125340718,ok,0.175,2026-09-02T21:53:39Z,2027-05-05T23:59:00Z
2026-09-26 06:00,EDT,2026-09-26T10:00:00Z,2026-09-26T09:59:14Z,46,956298,nba-playoffs-team-to-advance-to-western-conference-semifinals,NBA Playoffs: Team to advance to Western Conference Semifinals,4175436,0x45e338133888baad014b3d79e6372b63f579fc84687a12e52c90520189389ac8,will-denver-nuggets-advance-to-the-western-conference-semifinals-in-the-2027-nba-playoffs,Will Denver Nuggets advance to the Western Conference Semifinals in the 2027 NBA Playoffs?,Denver Nuggets,83535253434840277651348658519746910760596595271634581446667018047072143925247,ok,0.36,2026-09-02T21:53:40Z,2027-05-05T23:59:00Z
2026-09-26 06:00,EDT,2026-09-26T10:00:00Z,2026-09-26T09:59:16Z,44,956298,nba-playoffs-team-to-advance-to-western-conference-semifinals,NBA Playoffs: Team to advance to Western Conference Semifinals,4175441,0x446bd7e676fa3a211640cd978e338e12c488f1faae9c3758c72d71b1473d3260,will-golden-state-warriors-advance-to-the-western-conference-semifinals-in-the-2027-nba-playoffs,Will Golden State Warriors advance to the Western Conference Semifinals in the 2027 NBA Playoffs?,Golden State Warriors,61215710091983384655148298229606762165107948131810099489526953580071149724428,ok,0.22,2026-09-02T21:53:41Z,2027-05-05T23:59:00Z
2026-09-26 06:00,EDT,2026-09-26T10:00:00Z,2026-09-26T09:59:14Z,46,956298,nba-playoffs-team-to-advance-to-western-conference-semifinals,NBA Playoffs: Team to advance to Western Conference Semifinals,4175447,0x3596e6353d9baef25d72f2d459ee2a5371f334a7fe29986421feb684f8936920,will-houston-rockets-advance-to-the-western-conference-semifinals-in-the-2027-nba-playoffs,Will Houston Rockets advance to the Western Conference Semifinals in the 2027 NBA Playoffs?,Houston Rockets,75921272588961734162574099308400257329662925773963677564337484744213108980811,ok,0.335,2026-09-02T21:53:40Z,2027-05-05T23:59:00Z
2026-09-26 06:00,EDT,2026-09-26T10:00:00Z,2026-09-26T09:59:17Z,43,956298,nba-playoffs-team-to-advance-to-western-conference-semifinals,NBA Playoffs: Team to advance to Western Conference Semifinals,4175442,0x8899cebf3b5303098489798a69d2328726aa041b82e649e16f94da2ef5042b78,will-la-clippers-advance-to-the-western-conference-semifinals-in-the-2027-nba-playoffs,Will LA Clippers advance to the Western Conference Semifinals in the 2027 NBA Playoffs?,LA Clippers,62742005844338892480788084928065718670901880608056854515031741300368642661375,ok,0.11,2026-09-02T21:53:40Z,2027-05-05T23:59:00Z
2026-09-26 06:00,EDT,2026-09-26T10:00:00Z,2026-09-26T09:59:17Z,43,956298,nba-playoffs-team-to-advance-to-western-conference-semifinals,NBA Playoffs: Team to advance to Western Conference Semifinals,4175443,0x57c0da3fdff80c5523b67e622695d936eb2a192f50ecb1b82481faa8afecac24,will-los-angeles-lakers-advance-to-the-western-conference-semifinals-in-the-2027-nba-playoffs,Will Los Angeles Lakers advance to the Western Conference Semifinals in the 2027 NBA Playoffs?,Los Angeles Lakers,73871568927881597587854036486064098485519241962173252599019395085671509044856,ok,0.29,2026-09-02T21:53:40Z,2027-05-05T23:59:00Z
2026-09-26 06:00,EDT,2026-09-26T10:00:00Z,2026-09-26T09:59:15Z,45,956298,nba-playoffs-team-to-advance-to-western-conference-semifinals,NBA Playoffs: Team to advance to Western Conference Semifinals,4175448,0x2eab6a91f1453df16825ef29ab23c43631dacd59ab2796a88ff6b9936d8beef1,will-memphis-grizzlies-advance-to-the-western-conference-semifinals-in-the-2027-nba-playoffs,Will Memphis Grizzlies advance to the Western Conference Semifinals in the 2027 NBA Playoffs?,Memphis Grizzlies,2103094134376387914239990770689340020283368372006524869577919353244457601842,ok,0.0435,2026-09-02T21:53:40Z,2027-05-05T23:59:00Z
2026-09-26 06:00,EDT,2026-09-26T10:00:00Z,2026-09-26T09:59:15Z,45,956298,nba-playoffs-team-to-advance-to-western-conference-semifinals,NBA Playoffs: Team to advance to Western Conference Semifinals,4175437,0x74d56b7f4b59f704a5a2289b83bbcac646dcd76ebdcc141fafbfd89b89dac97f,will-minnesota-timberwolves-advance-to-the-western-conference-semifinals-in-the-2027-nba-playoffs,Will Minnesota Timberwolves advance to the Western Conference Semifinals in the 2027 NBA Playoffs?,Minnesota Timberwolves,76722268006674430335545635060633078084751877157843035697085755025851204469076,ok,0.46,2026-09-02T21:53:41Z,2027-05-05T23:59:00Z
2026-09-26 06:00,EDT,2026-09-26T10:00:00Z,2026-09-26T09:59:17Z,43,956298,nba-playoffs-team-to-advance-to-western-conference-semifinals,NBA Playoffs: Team to advance to Western Conference Semifinals,4175449,0x1a511e4ac923263b73a1363156ce9d3f14c790506e5190b006be1e2278b5b864,will-new-orleans-pelicans-advance-to-the-western-conference-semifinals-in-the-2027-nba-playoffs,Will New Orleans Pelicans advance to the Western Conference Semifinals in the 2027 NBA Playoffs?,New Orleans Pelicans,7826503741940915128219078435052365609547821476583429632750990416964062196959,ok,0.013,2026-09-02T21:53:40Z,2027-05-05T23:59:00Z
2026-09-26 06:00,EDT,2026-09-26T10:00:00Z,2026-09-26T09:59:15Z,45,956298,nba-playoffs-team-to-advance-to-western-conference-semifinals,NBA Playoffs: Team to advance to Western Conference Semifinals,4175438,0xef0b10c634cdc601b5282abbde28cb842b87015b4c7326581658091c53e44e8e,will-oklahoma-city-thunder-advance-to-the-western-conference-semifinals-in-the-2027-nba-playoffs,Will Oklahoma City Thunder advance to the Western Conference Semifinals in the 2027 NBA Playoffs?,Oklahoma City Thunder,28477630180314898857557208261877384225964901200069143152760417926532692023996,ok,0.8,2026-09-02T21:53:41Z,2027-05-05T23:59:00Z
2026-09-26 06:00,EDT,2026-09-26T10:00:00Z,2026-09-26T09:59:15Z,45,956298,nba-playoffs-team-to-advance-to-western-conference-semifinals,NBA Playoffs: Team to advance to Western Conference Semifinals,4175444,0x696c93c0781072ed0e96ee904ab168482eb7e4801df703678b77ed96d477b51b,will-phoenix-suns-advance-to-the-western-conference-semifinals-in-the-2027-nba-playoffs,Will Phoenix Suns advance to the Western Conference Semifinals in the 2027 NBA Playoffs?,Phoenix Suns,65906369396910497613147742815210712575469905986496711324521948436810125297954,ok,0.155,2026-09-02T21:53:39Z,2027-05-05T23:59:00Z
2026-09-26 06:00,EDT,2026-09-26T10:00:00Z,2026-09-26T09:59:18Z,42,956298,nba-playoffs-team-to-advance-to-western-conference-semifinals,NBA Playoffs: Team to advance to Western Conference Semifinals,4175439,0x5d68e46e33dec2d84547a015432b3de8134bed2a8cbe06090a8c71eeae21d100,will-portland-trail-blazers-advance-to-the-western-conference-semifinals-in-the-2027-nba-playoffs,Will Portland Trail Blazers advance to the Western Conference Semifinals in the 2027 NBA Playoffs?,Portland Trail Blazers,50059874381624631495081134046422308395157624096504009561238570661150799387832,ok,0.19,2026-09-02T21:53:40Z,2027-05-05T23:59:00Z
2026-09-26 06:00,EDT,2026-09-26T10:00:00Z,2026-09-26T09:59:17Z,43,956298,nba-playoffs-team-to-advance-to-western-conference-semifinals,NBA Playoffs: Team to advance to Western Conference Semifinals,4175445,0x13c4ce106925ade0a0ce34c3417f4f0f772daa6f44a7fcfdec831d3222eaad53,will-sacramento-kings-advance-to-the-western-conference-semifinals-in-the-2027-nba-playoffs,Will Sacramento Kings advance to the Western Conference Semifinals in the 2027 NBA Playoffs?,Sacramento Kings,81888426758495440008233725606317571898233083459638213972361082587300574363203,ok,0.042,2026-09-02T21:53:40Z,2027-05-05T23:59:00Z
2026-09-26 06:00,EDT,2026-09-26T10:00:00Z,2026-09-26T09:59:16Z,44,956298,nba-playoffs-team-to-advance-to-western-conference-semifinals,NBA Playoffs: Team to advance to Western Conference Semifinals,4175450,0x834188c69b500b994e62e2996804dc0f7b47a1ee1bfa761def3a709f90250ac6,will-san-antonio-spurs-advance-to-the-western-conference-semifinals-in-the-2027-nba-playoffs,Will San Antonio Spurs advance to the Western Conference Semifinals in the 2027 NBA Playoffs?,San Antonio Spurs,105274010111746810576978347074553622085839166583644190905627770291667967066102,ok,0.77,2026-09-02T21:53:41Z,2027-05-05T23:59:00Z
2026-09-26 06:00,EDT,2026-09-26T10:00:00Z,2026-09-26T09:59:15Z,45,956298,nba-playoffs-team-to-advance-to-western-conference-semifinals,NBA Playoffs: Team to advance to Western Conference Semifinals,4175440,0xe1c3df26c06307f9c4042768171d79e5527801be116ebe3de9dc10c4b1f58587,will-utah-jazz-advance-to-the-western-conference-semifinals-in-the-2027-nba-playoffs,Will Utah Jazz advance to the Western Conference Semifinals in the 2027 NBA Playoffs?,Utah Jazz,48764469279316558961023479333786445850240030255448101602713015540342768755921,ok,0.075,2026-09-02T21:53:41Z,2027-05-05T23:59:00Z
2026-09-26 06:00,EDT,2026-09-26T10:00:00Z,2026-09-26T09:59:15Z,45,681898,nba-team-to-make-playoffs-20260708210742372,NBA: Team to Make Playoffs,2850870,0x8d334dd3dca241ccefa7c385ce50b03bd5494f41a1dbb85ab0b499438fa2f940,will-the-atlanta-hawks-make-the-2027-nba-playoffs-20260708210742373,Will the Atlanta Hawks make the 2027 NBA Playoffs?,Atlanta Hawks,16927815668961757893126752753900050675903551694181908382980886233416933431659,ok,0.575,2026-07-08T21:35:18.47035Z,2027-05-16T03:59:00Z
2026-09-26 06:00,EDT,2026-09-26T10:00:00Z,2026-09-26T09:59:17Z,43,681898,nba-team-to-make-playoffs-20260708210742372,NBA: Team to Make Playoffs,2850871,0xc77a2565cb8195d53898110051450be4e74e5c535fca87dc6564b84c1fc9ba32,will-the-boston-celtics-make-the-2027-nba-playoffs-20260708210742374,Will the Boston Celtics make the 2027 NBA Playoffs?,Boston Celtics,29793564303766652322129328856079651996035549930358201943352128066410668935431,ok,0.85,2026-07-08T21:35:15.396198Z,2027-05-16T03:59:00Z
2026-09-26 06:00,EDT,2026-09-26T10:00:00Z,2026-09-26T09:59:16Z,44,681898,nba-team-to-make-playoffs-20260708210742372,NBA: Team to Make Playoffs,2850872,0x8cc20693e3e126cde8106b965287a81f816d6864fe3eddd1ebfc70bf2f9627b2,will-the-brooklyn-nets-make-the-2027-nba-playoffs-20260708210742375,Will the Brooklyn Nets make the 2027 NBA Playoffs?,Brooklyn Nets,28755829512063751093063479904256037485369759251795221948493614730938742192111,ok,0.065,2026-07-08T21:35:38.505655Z,2027-05-16T03:59:00Z
2026-09-26 06:00,EDT,2026-09-26T10:00:00Z,2026-09-26T09:59:15Z,45,681898,nba-team-to-make-playoffs-20260708210742372,NBA: Team to Make Playoffs,2850873,0xae26a05b9ebebe75d918c7a02873cdf339987b8cd1a15d976c150b0407580f71,will-the-charlotte-hornets-make-the-2027-nba-playoffs-20260708210742376,Will the Charlotte Hornets make the 2027 NBA Playoffs?,Charlotte Hornets,90074884054624916499724691989623798997705401937161300960303491870117128691497,ok,0.335,2026-07-08T21:35:32.398167Z,2027-05-16T03:59:00Z
2026-09-26 06:00,EDT,2026-09-26T10:00:00Z,2026-09-26T09:59:17Z,43,681898,nba-team-to-make-playoffs-20260708210742372,NBA: Team to Make Playoffs,2850874,0x8b09edb843e8c4749ab830b6d669e87c78b7d2ffc6719c298c35e0c36f9fa37a,will-the-chicago-bulls-make-the-2027-nba-playoffs-20260708210742377,Will the Chicago Bulls make the 2027 NBA Playoffs?,Chicago Bulls,108062004254754112921876842573102740823807518636907263811762023668473386855024,ok,0.09,2026-07-08T21:36:17.004784Z,2027-05-16T03:59:00Z
2026-09-26 06:00,EDT,2026-09-26T10:00:00Z,2026-09-26T09:59:18Z,42,681898,nba-team-to-make-playoffs-20260708210742372,NBA: Team to Make Playoffs,2850875,0xdbf626d2c097690179fbd0f7d6d669ef8ad199a32bd41c4b0d82119ed3a5b099,will-the-cleveland-cavaliers-make-the-2027-nba-playoffs-20260708210742378,Will the Cleveland Cavaliers make the 2027 NBA Playoffs?,Cleveland Cavaliers,114910986995430468323102887238153762734377805980939798292889674893624665537824,ok,0.785,2026-07-08T21:36:28.242977Z,2027-05-16T03:59:00Z
2026-09-26 06:00,EDT,2026-09-26T10:00:00Z,2026-09-26T09:59:17Z,43,681898,nba-team-to-make-playoffs-20260708210742372,NBA: Team to Make Playoffs,2850876,0x556a31573cfdb8c42d28ce4244e579f071a9e4aa3692d3ca4a609bff675d3d2f,will-the-dallas-mavericks-make-the-2027-nba-playoffs-20260708210742379,Will the Dallas Mavericks make the 2027 NBA Playoffs?,Dallas Mavericks,20432308082907909267947046316116874243095096939102759560642599411130714733281,ok,0.305,2026-07-08T21:35:58.583183Z,2027-05-16T03:59:00Z
2026-09-26 06:00,EDT,2026-09-26T10:00:00Z,2026-09-26T09:59:16Z,44,681898,nba-team-to-make-playoffs-20260708210742372,NBA: Team to Make Playoffs,2850877,0xa039eaa374085213a595143c788edb2adfd841124d46399681b76b6efbf7f54e,will-the-denver-nuggets-make-the-2027-nba-playoffs-20260708210742380,Will the Denver Nuggets make the 2027 NBA Playoffs?,Denver Nuggets,58737828389216467028319180197919627184500493398837234517254193202009978579719,ok,0.85,2026-07-08T21:35:28.617034Z,2027-05-16T03:59:00Z
2026-09-26 06:00,EDT,2026-09-26T10:00:00Z,2026-09-26T09:59:15Z,45,681898,nba-team-to-make-playoffs-20260708210742372,NBA: Team to Make Playoffs,2850878,0x192a052c731cab168fd35436b01e093e40c2fdd2584c31e55a64dd314aa2550e,will-the-detroit-pistons-make-the-2027-nba-playoffs-20260708210742381,Will the Detroit Pistons make the 2027 NBA Playoffs?,Detroit Pistons,85668156924200848243271850152940135557198142138674737523354797812687371908042,ok,0.82,2026-07-08T21:35:43.622263Z,2027-05-16T03:59:00Z
2026-09-26 06:00,EDT,2026-09-26T10:00:00Z,2026-09-26T09:59:15Z,45,681898,nba-team-to-make-playoffs-20260708210742372,NBA: Team to Make Playoffs,2850879,0x05a291e83bd22cd3271b46fd8b90de55d55620393a6a4d95302e67c102365571,will-the-golden-state-warriors-make-the-2027-nba-playoffs-20260708210742382,Will the Golden State Warriors make the 2027 NBA Playoffs?,Golden State Warriors,64972463308051287616882973691144367270410536316692257389415151705782148275969,ok,0.495,2026-07-08T21:35:25.592375Z,2027-05-16T03:59:00Z
2026-09-26 06:00,EDT,2026-09-26T10:00:00Z,2026-09-26T09:59:16Z,44,681898,nba-team-to-make-playoffs-20260708210742372,NBA: Team to Make Playoffs,2850880,0x369dc77cefd93e9f3b726355ab7dcc93dca0b97208ac3aa1f0085c05959c6208,will-the-houston-rockets-make-the-2027-nba-playoffs-20260708210742383,Will the Houston Rockets make the 2027 NBA Playoffs?,Houston Rockets,114295387409888342284803192392625351524478679251767749678298194129197375769151,ok,0.79,2026-07-08T21:36:44.981378Z,2027-05-16T03:59:00Z
2026-09-26 06:00,EDT,2026-09-26T10:00:00Z,2026-09-26T09:59:17Z,43,681898,nba-team-to-make-playoffs-20260708210742372,NBA: Team to Make Playoffs,2850881,0x196ac0e0e7c901ef41c03865a7d2f894b6c89804d9e414597b64e9ae93c34a99,will-the-indiana-pacers-make-the-2027-nba-playoffs-20260708210742384,Will the Indiana Pacers make the 2027 NBA Playoffs?,Indiana Pacers,112607153872728764947299128301512052282379183975256417691218514333158447871764,ok,0.625,2026-07-08T21:36:25.257962Z,2027-05-16T03:59:00Z
2026-09-26 06:00,EDT,2026-09-26T10:00:00Z,2026-09-26T09:59:17Z,43,681898,nba-team-to-make-playoffs-20260708210742372,NBA: Team to Make Playoffs,2850882,0x91562b667669ef317b39076096e4c8cc1efb78af25c793e8e54e0375428911e3,will-the-la-clippers-make-the-2027-nba-playoffs-20260708210742385,Will the LA Clippers make the 2027 NBA Playoffs?,LA Clippers,83152165857994088752291293607174337472843957143762333534978803836124995498780,ok,0.165,2026-07-08T21:36:07.884072Z,2027-05-16T03:59:00Z
2026-09-26 06:00,EDT,2026-09-26T10:00:00Z,2026-09-26T09:59:15Z,45,681898,nba-team-to-make-playoffs-20260708210742372,NBA: Team to Make Playoffs,2850883,0x59c02379a33c3b204c0aa9d2cfe8c8498dd304eac9ff0a85953ba77f636a0c72,will-the-los-angeles-lakers-make-the-2027-nba-playoffs-20260708210742386,Will the Los Angeles Lakers make the 2027 NBA Playoffs?,Los Angeles Lakers,15795343549251326411036936720501474951443005000663168294809035716427535250725,ok,0.795,2026-07-08T21:35:41.576964Z,2027-05-16T03:59:00Z
2026-09-26 06:00,EDT,2026-09-26T10:00:00Z,2026-09-26T09:59:14Z,46,681898,nba-team-to-make-playoffs-20260708210742372,NBA: Team to Make Playoffs,2850884,0x15dea55ccf435ee711c2e65fc9d526cad1997e37de3762712e5bd7090fe799da,will-the-memphis-grizzlies-make-the-2027-nba-playoffs-20260708210742387,Will the Memphis Grizzlies make the 2027 NBA Playoffs?,Memphis Grizzlies,85155418256822656848716530517178020014227794431871512911053034812281536075759,ok,0.12,2026-07-08T21:35:50.399022Z,2027-05-16T03:59:00Z
2026-09-26 06:00,EDT,2026-09-26T10:00:00Z,2026-09-26T09:59:16Z,44,681898,nba-team-to-make-playoffs-20260708210742372,NBA: Team to Make Playoffs,2850885,0x889f4d3e6b997fa7844a1f39913ccfde411d5733aa6a2ab7aa6c7538344aaddd,will-the-miami-heat-make-the-2027-nba-playoffs-20260708210742388,Will the Miami Heat make the 2027 NBA Playoffs?,Miami Heat,75273907443196398494878051803033521690361451997390671997735981411709660286938,ok,0.645,2026-07-08T21:36:55.696603Z,2027-05-16T03:59:00Z
2026-09-26 06:00,EDT,2026-09-26T10:00:00Z,2026-09-26T09:59:17Z,43,681898,nba-team-to-make-playoffs-20260708210742372,NBA: Team to Make Playoffs,2850886,0xb334dc3a30fad4dac45e9154453e0bb1eacb99b34ad47d553b30f0455f1058f6,will-the-milwaukee-bucks-make-the-2027-nba-playoffs-20260708210742389,Will the Milwaukee Bucks make the 2027 NBA Playoffs?,Milwaukee Bucks,3174435380452763607190072111601885142487786898486205465471552319179310295362,ok,0.095,2026-07-08T21:36:04.781201Z,2027-05-16T03:59:00Z
2026-09-26 06:00,EDT,2026-09-26T10:00:00Z,2026-09-26T09:59:14Z,46,681898,nba-team-to-make-playoffs-20260708210742372,NBA: Team to Make Playoffs,2850887,0xae48e3ab2ac6d3b3e58bf0bbffbe10dc9fc0939ee55771633e4648ca3cc0304e,will-the-minnesota-timberwolves-make-the-2027-nba-playoffs-20260708210742390,Will the Minnesota Timberwolves make the 2027 NBA Playoffs?,Minnesota Timberwolves,81127788801563687337717159487226594394490068626186340656516613979742948249392,ok,0.87,2026-07-08T21:35:46.552132Z,2027-05-16T03:59:00Z
2026-09-26 06:00,EDT,2026-09-26T10:00:00Z,2026-09-26T09:59:15Z,45,681898,nba-team-to-make-playoffs-20260708210742372,NBA: Team to Make Playoffs,2850888,0x12f4789f8e6b2a313a5a99d5318aa134edd6cc40db1fbab02148e348ad59160e,will-the-new-orleans-pelicans-make-the-2027-nba-playoffs-20260708210742391,Will the New Orleans Pelicans make the 2027 NBA Playoffs?,New Orleans Pelicans,39841763878692322217597224520148958714767317211606334840976387087985493513142,ok,0.12,2026-07-08T21:35:22.284758Z,2027-05-16T03:59:00Z
2026-09-26 06:00,EDT,2026-09-26T10:00:00Z,2026-09-26T09:59:16Z,44,681898,nba-team-to-make-playoffs-20260708210742372,NBA: Team to Make Playoffs,2850889,0x5f5c59638c92cbf76a5fcf6e93737e50e2917b9915737d431e142f4e224ab34d,will-the-new-york-knicks-make-the-2027-nba-playoffs-20260708210742392,Will the New York Knicks make the 2027 NBA Playoffs?,New York Knicks,94880722338527950275952147877008794104926369988947412397586488561797058714707,ok,0.93,2026-07-08T21:36:19.045616Z,2027-05-16T03:59:00Z
2026-09-26 06:00,EDT,2026-09-26T10:00:00Z,2026-09-26T09:59:16Z,44,681898,nba-team-to-make-playoffs-20260708210742372,NBA: Team to Make Playoffs,2850890,0xde7693e7b39b27821b7814677ef3b07c9dc908337ff23759a722df0476f570b5,will-the-oklahoma-city-thunder-make-the-2027-nba-playoffs-20260708210742393,Will the Oklahoma City Thunder make the 2027 NBA Playoffs?,Oklahoma City Thunder,40017366714685562392204598960828557771324295274904137592656623132418504296211,ok,0.96,2026-07-08T21:35:21.275844Z,2027-05-16T03:59:00Z
2026-09-26 06:00,EDT,2026-09-26T10:00:00Z,2026-09-26T09:59:16Z,44,681898,nba-team-to-make-playoffs-20260708210742372,NBA: Team to Make Playoffs,2850891,0xa7dcbe84cc883f47069b34f50e50e724f997c01d85799db9e503eb0df47bdbd7,will-the-orlando-magic-make-the-2027-nba-playoffs-20260708210742394,Will the Orlando Magic make the 2027 NBA Playoffs?,Orlando Magic,29523400371150346458833079923805573602328748323204402215187201674925282755258,ok,0.55,2026-07-08T21:36:08.913261Z,2027-05-16T03:59:00Z
2026-09-26 06:00,EDT,2026-09-26T10:00:00Z,2026-09-26T09:59:17Z,43,681898,nba-team-to-make-playoffs-20260708210742372,NBA: Team to Make Playoffs,2850892,0x7b14ce54e60864b6fa3a8572d818d0b044481b5c05396eb546c6a34726c519c4,will-the-philadelphia-76ers-make-the-2027-nba-playoffs-20260708210742395,Will the Philadelphia 76ers make the 2027 NBA Playoffs?,Philadelphia 76ers,67027861301064463430898699688526871714697695752368826885510827158030788908614,ok,0.88,2026-07-08T21:35:40.574262Z,2027-05-16T03:59:00Z
2026-09-26 06:00,EDT,2026-09-26T10:00:00Z,2026-09-26T09:59:16Z,44,681898,nba-team-to-make-playoffs-20260708210742372,NBA: Team to Make Playoffs,2850893,0xcadc5659b9c7aadb8a9d688e2ddae935713446d19dbb01a76872617f618ad9fe,will-the-phoenix-suns-make-the-2027-nba-playoffs-20260708210742396,Will the Phoenix Suns make the 2027 NBA Playoffs?,Phoenix Suns,46236767152074074269552351866019064514079651905530972139614550710586718976212,ok,0.485,2026-07-08T21:36:39.632036Z,2027-05-16T03:59:00Z
2026-09-26 06:00,EDT,2026-09-26T10:00:00Z,2026-09-26T09:59:15Z,45,681898,nba-team-to-make-playoffs-20260708210742372,NBA: Team to Make Playoffs,2850894,0xbd62ed0e468f97e3b047b53a757db7d6c34f6a14a2b68689dee99a85c5e7f64c,will-the-portland-trail-blazers-make-the-2027-nba-playoffs-20260708210742397,Will the Portland Trail Blazers make the 2027 NBA Playoffs?,Portland Trail Blazers,64003760005293798440477975810710541346676078429665210936606061785359470439701,ok,0.615,2026-07-08T21:36:37.590452Z,2027-05-16T03:59:00Z
2026-09-26 06:00,EDT,2026-09-26T10:00:00Z,2026-09-26T09:59:17Z,43,681898,nba-team-to-make-playoffs-20260708210742372,NBA: Team to Make Playoffs,2850895,0x79a22a71b23a33aa0ce60692f9b443dea10344e28da050dea6fad9abb66de59d,will-the-sacramento-kings-make-the-2027-nba-playoffs-20260708210742398,Will the Sacramento Kings make the 2027 NBA Playoffs?,Sacramento Kings,95738123733905389815824302017964970667801601913743844762450948209823266038987,ok,0.0605,2026-07-08T21:35:34.45372Z,2027-05-16T03:59:00Z
2026-09-26 06:00,EDT,2026-09-26T10:00:00Z,2026-09-26T09:59:17Z,43,681898,nba-team-to-make-playoffs-20260708210742372,NBA: Team to Make Playoffs,2850896,0x5082b6ee50706e81c9faf8edcd10c796617ece753571224f997fdb956a7a44d1,will-the-san-antonio-spurs-make-the-2027-nba-playoffs-20260708210742399,Will the San Antonio Spurs make the 2027 NBA Playoffs?,San Antonio Spurs,14791074065603893515641799971672085982776255464419741398618434509494825777898,ok,0.9635,2026-07-08T21:35:48.603329Z,2027-05-16T03:59:00Z
2026-09-26 06:00,EDT,2026-09-26T10:00:00Z,2026-09-26T09:59:15Z,45,681898,nba-team-to-make-playoffs-20260708210742372,NBA: Team to Make Playoffs,2850897,0x7020c9592941fb2ca2af1e2efd1a9164c7df27a91ecbc39bc2adaaac56e6c027,will-the-toronto-raptors-make-the-2027-nba-playoffs-20260708210742400,Will the Toronto Raptors make the 2027 NBA Playoffs?,Toronto Raptors,113643073781735292259303721909449338332423725778386822242282587168512690703924,ok,0.675,2026-07-08T21:36:01.652228Z,2027-05-16T03:59:00Z
2026-09-26 06:00,EDT,2026-09-26T10:00:00Z,2026-09-26T09:59:17Z,43,681898,nba-team-to-make-playoffs-20260708210742372,NBA: Team to Make Playoffs,2850898,0xa4081529861e09369aa61d622d488d7376a0cf14250deb90d5cc1dc3a5faeb94,will-the-utah-jazz-make-the-2027-nba-playoffs-20260708210742401,Will the Utah Jazz make the 2027 NBA Playoffs?,Utah Jazz,35217573405770212012139177807949551527420097426001359699147332230366908368017,ok,0.395,2026-07-08T21:36:03.763036Z,2027-05-16T03:59:00Z
2026-09-26 06:00,EDT,2026-09-26T10:00:00Z,2026-09-26T09:59:16Z,44,681898,nba-team-to-make-playoffs-20260708210742372,NBA: Team to Make Playoffs,2850899,0xdfb9ede62f1d118beae01dc709e2706c1a23a2432532046fd49f77851f13d427,will-the-washington-wizards-make-the-2027-nba-playoffs-20260708210742402,Will the Washington Wizards make the 2027 NBA Playoffs?,Washington Wizards,46666058909798021547036847513119790798370632439446870732414051370712737758637,ok,0.255,2026-07-08T21:36:22.192214Z,2027-05-16T03:59:00Z
